PAPER 1,,,,,,,,

"Table A1: Proven re-offending outcomes for matched pairs of offenders where one sentencing type is an immediate custodial sentence in England and Wales, for 2009 and 2010¹²",,,,,,,,

,,2009,,,,2010,,
,,One year proven re-offending rate,Frequency of re-offences per offender,Proven re-offending custody rate³,,One year proven re-offending rate,Frequency of re-offences per offender,Proven re-offending custody rate³
Matched pairs (and unmatched 'treated' offenders),,"42,352 (0)",,,,"36,391 (5)",,
Immediate Custody (less than 12 months) †,,62.30%,3.23,43.20%,,62.50%,3.39,44.40%
Community Orders,,55.50%,2.34,31.90%,,56.20%,2.44,33.30%
Difference ,,6.8 ***,0.89 ***,11.4 ***,,6.4 ***,0.95 ***,11.1 ***

Matched pairs (and unmatched 'treated' offenders),,"42,288 (64)",,,,"36,358 (38)",,
Immediate Custody (less than 12 months) †,,62.20%,3.21,43.20%,,62.50%,3.37,44.40%
Suspended Sentence Orders,,53.20%,2.04,54.30%,,53.90%,2.23,55.50%
Difference ,,9.1 ***,1.17 ***,-11.1 ***,,8.6 ***,1.14 ***,-11.1 ***

Matched pairs (and unmatched 'treated' offenders),,42346 (17),,,,36596 (17),,
Immediate Custody (less than 12 months) †,,62.30%,3.22,N/A,,62.60%,3.39,N/A
Court Orders (Community Orders and SSOs),,55.10%,2.28,N/A,,55.70%,2.45,N/A
Difference ,,7.2 ***,0.95 ***,N/A,,6.8 ***,0.94 ***,N/A

Matched pairs (and unmatched 'treated' offenders),,"42,353 (0)",,,,"36,396 (0)",,
Immediate Custody (less than 12 months) †,,62.30%,3.23,43.20%,,62.50%,3.39,44.40%
Immediate Custody (1 to 4 years),,49.50%,2.19,42.80%,,50.50%,2.02,47.80%
Difference ,,12.8 ***,1.04 ***,0.4,,12.0 ***,1.37 ***,-3.4 ***

Matched pairs (and unmatched 'treated' offenders),,"7,472 (8)",,,,"7,088 (4)",,
Immediate Custody (less than or equal to 6 months),,56.80%,2.64,40.50%,,55.20%,2.64,42.10%
Immediate Custody (more than 6 to less than 12 months) †,,52.20%,2.34,41.50%,,50.30%,2.34,41.30%
Difference ,,4.6 ***,0.30 ***,-1,,4.8 ***,0.30 ***,1.5
"*** Significant at the 0.1% level, ** Significant at the 1% level, * Significant at the 5% level",,,,,,,,

¹ Differences in proven re-offending rate and proven re-offending custody rate between sentences are expressed in percentage points.,,,,,,,,
² Differences in proven re-offending frequency rate between sentences are expressed in terms of number of re-offences per offender.,,,,,,,,
³ The proven re-offending custody rate refers to the proportion of re-offenders only.,,,,,,,,
† Indicates the sentence designated the 'treatment' group for the comparison.,,,,,,,,


"Table A2: Proven re-offending outcomes for matched pairs of offenders for sentences other than custodial in England and Wales, for 2009 and 2010¹²",,,,,,,,

,,2009,,,,2010,,
,,One year proven re-offending rate,Frequency of re-offences per offender,Proven re-offending custody rate,,One year proven re-offending rate,Frequency of re-offences per offender,Proven re-offending custody rate
Matched pairs (and unmatched 'treated' offenders),,"42,085 (2)",,,,"43,069 (5)",,
Community Orders,,37.70%,1.24,25.60%,,36.80%,1.24,25.60%
Suspended Sentence Orders †,,34.40%,1.06,47.70%,,33.60%,1.07,48.10%
Difference ,,3.3 ***,0.18 ***,-22.2 ***,,3.2 ***,0.17 ***,-22.5 ***

Matched pairs (and unmatched 'treated' offenders),,"62,450 (8)",,,,"67,457 (3)",,
Community Orders,,39.20%,1.37,23.00%,,39.60%,1.42,23.20%
Conditional Discharges †,,35.50%,1.18,17.20%,,34.50%,1.15,17.80%
Difference ,,3.7 ***,0.19 ***,5.8 ***,,5.1 ***,0.27 ***,5.4 ***

Matched pairs (and unmatched 'treated' offenders),,"121,746 (0)",,,,"117,646 (0)",,
Community Orders †,,38.60%,1.29,24.60%,,38.70%,1.35,25.10%
Fines (recorded by the police),,37.50%,1.28,17.50%,,37.80%,1.32,18.00%
Difference ,,1.1 ***,0.01,7.1 ***,,0.9 ***,0.03 *,7.2 ***

Matched pairs (and unmatched 'treated' offenders),,"62,455 (3)",,,,"67,449 (11)",,
Fines (recorded by the police),,40.60%,1.49,16.90%,,40.00%,1.48,16.90%
Conditional Discharges †,,35.50%,1.18,17.20%,,34.50%,1.15,17.80%
Difference ,,5.1 ***,0.30 ***,-0.3,,5.5 ***,0.32 ***,-1.0 **
"*** Significant at the 0.1% level, ** Significant at the 1% level, * Significant at the 5% level",,,,,,,,

¹ Differences in proven re-offending rate and proven re-offending custody rate between sentences are expressed in percentage points.,,,,,,,,
² Differences in proven re-offending frequency rate between sentences are expressed in terms of number of re-offences per offender.,,,
³ The proven re-offending custody rate refers to the proportion of re-offenders only.,,,
† Indicates the sentence designated the 'treatment' group for the comparison.,,,

"Table A3: Re-offending rates over the one year follow-up period, for offenders receiving an immediate custodial sentence of less than 12 months compared with similar, matched offenders receiving a community order in England and Wales, for 2010.",,,

Days into one year follow-up period,Immediate Custody (less than 12 months),Community Orders,Difference (percentage points)
30,21.00%,13.50%,7.5
60,31.40%,23.30%,8
90,38.30%,30.10%,8.2
120,43.60%,35.60%,8.1
150,47.60%,39.90%,7.7
180,50.90%,43.60%,7.3
210,53.60%,46.40%,7.1
240,56.00%,48.90%,7.1
270,57.90%,51.10%,6.8
300,59.60%,53.00%,6.5
330,61.00%,54.50%,6.5
365,62.50%,56.20%,6.4

"Table A4: Re-offending rates over the one year follow-up period, for offenders receiving an immediate custodial sentence of less than 12 months compared with similar, matched offenders receiving a suspended sentence order in England and Wales, for 2010.",,,

Days into one year follow-up period,Immediate Custody (less than 12 months),Suspended Sentence Orders,Difference (percentage points)
30,21.00%,12.10%,8.8
60,31.30%,21.70%,9.6
90,38.30%,28.40%,9.9
120,43.60%,33.70%,9.9
150,47.60%,37.90%,9.7
180,50.90%,41.20%,9.7
210,53.50%,44.00%,9.6
240,55.90%,46.60%,9.4
270,57.90%,48.50%,9.3
300,59.50%,50.30%,9.2
330,61.00%,52.20%,8.8
365,62.50%,53.90%,8.6

"Table A5: Re-offending rates over the one year follow-up period, for offenders receiving an immediate custodial sentence of less than 12 months compared with similar, matched offenders receiving a court order in England and Wales, for 2010.",,,

Days into one year follow-up period,Immediate Custody (less than 12 months),Court Orders,Difference (percentage points)
30,21.00%,13.50%,7.5
60,31.40%,23.70%,7.7
90,38.40%,30.50%,7.9
120,43.70%,35.80%,7.9
150,47.70%,40.00%,7.7
180,51.00%,43.50%,7.5
210,53.60%,46.30%,7.3
240,56.00%,48.60%,7.4
270,57.90%,50.70%,7.3
300,59.60%,52.50%,7.1
330,61.10%,54.10%,6.9
365,62.60%,55.70%,6.8

"Table A6: Re-offending rates over the one year follow-up period, for offenders receiving an immediate custodial sentence of less than 12 months compared with similar, matched offenders receiving an immediate custodial sentence of between 1 and 4 years in ",,,

30,21.00%,11.50%,9.5
60,31.40%,19.40%,12
90,38.40%,25.30%,13.1
120,43.70%,30.20%,13.5
150,47.60%,34.30%,13.4
180,50.90%,37.40%,13.5
210,53.60%,40.00%,13.6
240,56.00%,42.50%,13.4
270,57.90%,44.70%,13.2
300,59.60%,46.70%,12.8
330,61.00%,48.70%,12.3
365,62.50%,50.50%,12

"Table A7: Re-offending rates over the one year follow-up period, for offenders recieving an immediate custodial sentence of more than 6 to less than 12 months compared with similar, matched offenders receiving an immediate custodial sentence of less than ",,,

Days into one year follow-up period,Immediate Custody (less than or equal to 6 months),Immediate Custody (more than 6 to less than 12 months),Difference (percentage points)
30,17.10%,12.70%,4.4
60,26.00%,20.00%,6
90,32.40%,25.70%,6.7
120,37.40%,30.50%,6.9
150,40.60%,34.20%,6.4
180,43.90%,37.60%,6.2
210,46.00%,40.80%,5.2
240,48.30%,43.60%,4.7
270,50.20%,45.60%,4.5
300,51.70%,47.40%,4.3
330,53.50%,48.80%,4.7
365,55.20%,50.30%,4.8

"Table A8: Re-offending rates over the one year follow-up period, for offenders who received a suspended sentence order compared with similar, matched offenders receiving a community order, in England and Wales, for 2010.",,,

Days into one year follow-up period,Community Orders,Suspended Sentence Orders,Difference (percentage points)
30,6.70%,5.70%,1.1
60,12.50%,11.10%,1.4
90,16.70%,15.20%,1.5
120,20.20%,18.40%,1.8
150,23.20%,21.20%,2
180,25.90%,23.70%,2.3
210,28.20%,25.80%,2.4
240,30.20%,27.60%,2.6
270,32.20%,29.20%,3
300,33.80%,30.70%,3.1
330,35.30%,32.00%,3.2
365,36.80%,33.60%,3.2

"Table A9: Re-offending rates over the one year follow-up period, for offenders who received a conditional discharge compared with similar, matched offenders receiving a community order,  in England and Wales, for 2010.",,,

Days into one year follow-up period,Community Orders,Conditional Discharges,Difference (percentage points)
30,8.00%,7.70%,0.3
60,14.50%,12.70%,1.9
90,19.20%,16.50%,2.7
120,22.80%,19.50%,3.2
150,26.00%,22.20%,3.8
180,29.00%,24.50%,4.5
210,31.40%,26.50%,4.9
240,33.50%,28.50%,5
270,35.30%,30.10%,5.1
300,36.80%,31.70%,5.2
330,38.20%,33.00%,5.2
365,39.60%,34.50%,5.1

"Table A10: Re-offending rates over the one year follow-up period, for offenders who received a community order compared with similar, matched offenders receiving a fine, in England and Wales, for 2010.",,,

Days into one year follow-up period,Community Orders,Fines,Difference (percentage points)
30,7.40%,8.70%,-1.3
60,13.70%,14.20%,-0.5
90,18.30%,18.70%,-0.4
120,22.10%,22.00%,0.1
150,25.30%,24.80%,0.5
180,28.10%,27.30%,0.8
210,30.40%,29.50%,0.9
240,32.40%,31.50%,0.9
270,34.20%,33.30%,0.9
300,35.80%,34.90%,0.9
330,37.20%,36.30%,0.9
365,38.70%,37.80%,0.9

"Table A11: Re-offending rates over the one year follow-up period, for offenders who received a conditional discharge compared with similar, matched offenders receiving a fine, in England and Wales, for 2010.",,,

Days into one year follow-up period,Fines,Conditional Discharges,Difference (percentage points)
30,9.80%,7.70%,2
60,15.70%,12.70%,3
90,20.20%,16.50%,3.7
120,23.70%,19.50%,4.1
150,26.50%,22.20%,4.4
180,29.20%,24.50%,4.7
210,31.50%,26.50%,5
240,33.60%,28.50%,5.1
270,35.40%,30.10%,5.3
300,37.10%,31.70%,5.4
330,38.50%,33.00%,5.5,,,,,,,,,
365,40.00%,34.50%,5.5,,,,,,,,,

"Table B1: Re-offending comparisons of offenders who received an immediate custodial sentence of less than 12 months compared with matched offenders receiving a community order in England and Wales, for 2010",,,,,,,,,,,,


,,One year proven re-offending rate,,,,Frequency of re-offences per offender,,,,Re-offending custody rates,,
,,Community Order,Immediate Custody (less than 12 months),Difference (percentage points),,Community Order,Immediate Custody (less than 12 months),Difference,,Community Order,Immediate Custody (less than 12 months),Difference (percentage points)

All offenders,,56.20%,62.50%,6.4,,2.44,3.39,0.95,,33.30%,44.40%,11.1
Males,,56.30%,62.70%,6.4,,2.44,3.34,0.9,,33.90%,44.80%,10.8
Females,,54.90%,61.20%,6.3,,2.48,3.8,1.32,,27.40%,41.30%,13.9

Age at index offence,,,,,,,,,,,,
18-20,,59.40%,68.10%,8.7,,2.22,3.18,0.96,,34.10%,43.00%,8.9
21-24,,58.10%,61.20%,3.1,,2.44,2.94,0.49,,33.30%,42.60%,9.3
25-29,,59.00%,63.80%,4.8,,2.74,3.39,0.65,,36.00%,44.80%,8.8
30-34,,59.50%,65.60%,6.1,,2.79,3.72,0.94,,34.60%,47.10%,12.6
35-39,,57.60%,63.70%,6.1,,2.55,3.51,0.96,,32.70%,44.60%,12
40-44,,50.70%,58.00%,7.3,,2.12,3.29,1.17,,27.20%,43.50%,16.3
45-49,,46.70%,56.00%,9.4,,1.97,3.47,1.5,,30.60%,42.90%,12.2
50 and over,,37.60%,52.60%,15,,1.59,4.13,2.54,,28.20%,46.70%,18.5

Number of previous conviction events,,,,,,,,,,,,
0,,14.90%,13.40%,1.5,,0.36,0.34,0.02,,15.40%,37.30%,21.8
01-Feb,,27.80%,30.80%,3,,0.69,0.86,0.18,,19.30%,35.90%,16.6
03-Jun,,41.50%,46.00%,4.5,,1.2,1.53,0.33,,24.20%,37.40%,13.1
07-Oct,,52.10%,59.40%,7.3,,1.79,2.52,0.73,,32.30%,40.50%,8.2
Nov-14,,57.90%,68.20%,10.3,,2.16,3.13,0.97,,33.70%,44.10%,10.3
15 or more,,74.10%,82.30%,8.2,,3.77,5.35,1.59,,36.70%,47.50%,10.8

Number of previous custodial sentences,,,,,,,,,,,,
0,,33.50%,33.40%,0.1,,0.96,1.09,0.13,,18.40%,30.40%,12.1
1,,48.70%,52.50%,3.8,,1.66,1.98,0.32,,30.60%,36.30%,5.7
2,,57.60%,61.90%,4.3,,2,2.64,0.64,,28.80%,41.30%,12.5
3 or more,,72.40%,80.20%,7.8,,3.64,5.06,1.42,,38.70%,49.20%,10.5
Notes: Significance tests have not been performed on the differences in this table. ,,,,,,,,,,,,

"Table B2: Re-offending comparisons offenders who received an immediate custodial sentence of less than 12 months compared with offenders receiving a suspended sentence order in England and Wales, for 2010",,,,,,,,,,,,


,,One year proven re-offending rate,,,,Frequency of re-offences per offender,,,,Re-offending custody rates,,
,,Suspended Sentence Order,Immediate Custody (less than 12 months),Difference (percentage points),,Suspended Sentence Order,Immediate Custody (less than 12 months),Difference,,Suspended Sentence Order,Immediate Custody (less than 12 months),Difference (percentage points)

All offenders,,53.90%,62.50%,8.6,,2.23,3.37,1.14,,55.50%,44.40%,11.1
Males,,54.20%,62.70%,8.4,,2.23,3.33,1.11,,55.60%,44.80%,10.8
Females,,51.40%,61.10%,9.7,,2.26,3.68,1.42,,54.70%,41.40%,13.3

Age at index offence,,,,,,,,,,,,
18-20,,57.70%,68.10%,10.4,,2.15,3.18,1.03,,52.20%,43.00%,9.3
21-24,,53.20%,61.20%,8,,2.08,2.94,0.86,,51.60%,42.60%,8.9
25-29,,57.40%,63.80%,6.4,,2.56,3.39,0.83,,58.10%,44.80%,13.2
30-34,,59.20%,65.60%,6.4,,2.66,3.72,1.06,,57.40%,47.10%,10.3
35-39,,55.60%,63.70%,8,,2.29,3.5,1.21,,58.60%,44.60%,14
40-44,,47.50%,57.90%,10.4,,1.85,3.15,1.3,,53.90%,43.70%,10.2
45-49,,45.10%,56.00%,11,,1.72,3.47,1.75,,51.90%,42.90%,9.1
50 and over,,31.90%,52.10%,20.2,,1.21,4,2.79,,56.20%,46.50%,9.7

Number of previous conviction events,,,,,,,,,,,,
0,,10.40%,13.40%,3,,0.19,0.34,0.15,,33.80%,37.30%,3.4
01-Feb,,23.30%,30.80%,7.5,,0.58,0.86,0.29,,42.90%,35.90%,7
03-Jun,,34.90%,46.00%,11.1,,0.97,1.53,0.56,,46.90%,37.40%,9.5
07-Oct,,48.60%,59.40%,10.8,,1.6,2.52,0.93,,53.70%,40.50%,13.2
Nov-14,,59.60%,68.20%,8.5,,2.02,3.13,1.11,,55.10%,44.10%,11
15 or more,,73.30%,82.20%,8.9,,3.52,5.31,1.79,,58.50%,47.50%,11

Number of previous custodial sentences,,,,,,,,,,,,
0,,29.50%,33.40%,3.9,,0.84,1.09,0.25,,43.20%,30.40%,12.7
1,,43.80%,52.50%,8.7,,1.38,1.98,0.6,,49.00%,36.30%,12.7
2,,50.70%,61.90%,11.1,,1.58,2.64,1.06,,52.40%,41.30%,11.1
3 or more,,72.10%,80.20%,8.1,,3.39,5.02,1.63,,59.84%,49.18%,10.7
Notes: Significance tests have not been performed on the differences in this table. ,,,,,,,,,,,,

"Table B3: Re-offending comparisons of offenders who received an immediate custodial sentence of less than 12 months compared with matched offenders receiving a court order, for 2010.",,,,,,,,,,,,

,,One year proven re-offending rate,,,,Frequency of re-offences per offender,,,,Re-offending custody rates,,
,,Court Order,Immediate Custody (less than 12 months),Difference (percentage points),,Court Order,Immediate Custody (less than 12 months),Difference,,Court Order,Immediate Custody (less than 12 months),Difference (percentage points)

All offenders,,55.70%,62.60%,6.8,,2.45,3.39,0.94,,38.40%,44.30%,5.9
Males,,56.20%,62.70%,6.6,,2.45,3.35,0.9,,39.00%,44.70%,5.6
Females,,52.20%,61.10%,8.9,,2.4,3.71,1.31,,32.70%,41.40%,8.7

Age at index offence,,,,,,,,,,,,
18-20,,58.90%,68.10%,9.2,,2.24,3.18,0.95,,35.90%,42.90%,6.9
21-24,,55.90%,61.30%,5.4,,2.25,2.94,0.69,,38.50%,42.60%,4.1
25-29,,58.50%,63.80%,5.3,,2.7,3.39,0.69,,40.80%,44.70%,3.9
30-34,,59.00%,65.60%,6.6,,2.8,3.72,0.92,,41.10%,47.10%,6.1
35-39,,56.50%,63.80%,7.3,,2.52,3.53,1.01,,39.00%,44.70%,5.7
40-44,,52.20%,58.00%,5.9,,2.36,3.18,0.82,,33.80%,43.40%,9.5
45-49,,50.70%,56.30%,5.6,,2.24,3.51,1.27,,34.40%,42.70%,8.3
50 and over,,36.10%,52.50%,16.5,,1.6,4.16,2.56,,34.10%,46.20%,12.1

Number of previous conviction events,,,,,,,,,,,,
0,,13.50%,13.50%,0,,0.3,0.34,0.05,,18.30%,37.10%,18.8
01-Feb,,27.50%,30.80%,3.3,,0.72,0.87,0.15,,23.40%,35.80%,12.4
03-Jun,,41.20%,46.00%,4.8,,1.19,1.53,0.35,,28.90%,37.40%,8.5
07-Oct,,50.90%,59.40%,8.4,,1.69,2.52,0.84,,35.00%,40.50%,5.5
Nov-14,,59.10%,68.10%,9,,2.26,3.13,0.87,,38.80%,43.90%,5.1
15 or more,,73.60%,82.20%,8.7,,3.8,5.34,1.54,,42.50%,47.40%,4.9

Number of previous custodial sentences,,,,,,,,,,,,
0,,33.80%,33.50%,0.3,,0.99,1.1,0.11,,23.00%,30.40%,7.3
1,,48.10%,52.50%,4.4,,1.6,1.97,0.37,,33.80%,36.30%,2.5
2,,55.00%,62.00%,7,,2,2.65,0.64,,37.80%,41.30%,3.4
3 or more,,72.30%,80.20%,8,,3.67,5.05,1.38,,44.00%,49.10%,5.1
Notes: Significance tests have not been performed on the differences in this table. ,,,,,,,,,,,,

"Table B4: Re-offending comparisons of offenders who received an immediate custodial sentence of less than 12 months compared with matched offenders receiving an immediate custodial sentence of between 1 and 4 years in England and Wales, for 2010",,,,,,,,,,,,


,,One year proven re-offending rate,,,,Frequency of re-offences per offender,,,,Re-offending custody rates,,
,,Immediate Custody (1 to 4 years),Immediate Custody (less than 12 months),Difference (percentage points),,Immediate Custody (1 to 4 years),Immediate Custody (less than 12 months),Difference,,Immediate Custody (1 to 4 years),Immediate Custody (less than 12 months),Difference (percentage points)

All offenders,,50.50%,62.50%,12,,2.02,3.39,1.37,,47.80%,44.40%,3.4
Males,,51.50%,62.70%,11.2,,2.07,3.34,1.27,,49.10%,44.80%,4.3
Females,,42.10%,61.20%,19.1,,1.62,3.8,2.18,,35.30%,41.30%,6

Age at index offence,,,,,,,,,,,,
18-20,,60.40%,68.10%,7.7,,2.05,3.18,1.13,,52.80%,43.00%,9.9
21-24,,52.80%,61.20%,8.4,,1.91,2.94,1.03,,47.00%,42.60%,4.4
25-29,,51.10%,63.80%,12.7,,2.1,3.39,1.29,,48.30%,44.80%,3.5
30-34,,53.60%,65.60%,11.9,,2.27,3.72,1.45,,48.80%,47.10%,1.7
35-39,,47.80%,63.70%,15.9,,1.89,3.51,1.62,,45.30%,44.60%,0.6
40-44,,45.60%,58.00%,12.4,,1.87,3.29,1.42,,41.10%,43.50%,2.4
45-49,,43.40%,56.10%,12.7,,1.98,3.48,1.5,,49.50%,42.80%,6.7
50 and over,,34.90%,52.70%,17.8,,1.92,4.16,2.24,,48.40%,46.60%,1.7

Number of previous conviction events,,,,,,,,,,,,
0,,5.00%,13.40%,8.4,,0.1,0.34,0.24,,33.80%,37.30%,3.5
01-Feb,,15.70%,30.80%,15.1,,0.39,0.86,0.48,,45.50%,35.90%,9.6
03-Jun,,31.70%,46.00%,14.3,,0.83,1.53,0.7,,38.80%,37.40%,1.4
07-Oct,,46.70%,59.40%,12.6,,1.44,2.52,1.09,,41.70%,40.50%,1.2
Nov-14,,54.80%,68.20%,13.3,,1.85,3.13,1.28,,46.50%,44.10%,2.5
15 or more,,70.60%,82.30%,11.7,,3.23,5.36,2.12,,50.80%,47.50%,3.3

Number of previous custodial sentences,,,,,,,,,,,,
0,,21.70%,33.40%,11.7,,0.61,1.09,0.48,,33.70%,27.10%,6.6
1,,40.10%,52.50%,12.4,,1.14,1.98,0.83,,39.10%,33.00%,6.1
2,,47.80%,61.90%,14.1,,1.48,2.64,1.16,,39.20%,36.20%,2.9
3 or more,,67.60%,80.20%,12.6,,3.01,5.07,2.06,,52.30%,49.20%,3.1
Notes: Significance tests have not been performed on the differences in this table. ,,,,,,,,,,,,

"Table B5: Re-offending comparisons of offenders who received an immediate custodial of less than or equal to 6 months compared with matched offenders receiving immediate custodial sentences of more than 6 to less than 12 months in England and Wales, for 2010",,,,,,,,,,,,


,,One year proven re-offending rate,,,,Frequency of re-offences per offender,,,,Re-offending custody rates,,
,,Immediate Custody (less than or equal to 6 months),Immediate Custody (more than 6 months to less than 12 months),Difference (percentage points),,Immediate Custody (less than or equal to 6 months),Immediate Custody (more than 6 months to less than 12 months),Difference,,Immediate Custody (less than or equal to 6 months),Immediate Custody (more than 6 months to less than 12 months),Difference (percentage points)

All offenders,,55.20%,50.30%,4.8,,2.64,2.34,0.3,,42.10%,41.30%,1.5
Males,,55.90%,51.10%,4.8,,2.63,2.33,0.3,,42.70%,41.40%,1.9
Females,,47.60%,42.60%,5.1,,2.72,2.46,0.02,,34.50%,39.30%,4.8

Age at index offence,,,,,,,,,,,,
18-20,,62.00%,56.70%,5.2,,2.74,2.23,0.51,,38.70%,40.80%,1.7
21-24,,55.00%,50.00%,5,,2.37,2.12,0.25,,43.60%,36.80%,6.4
25-29,,56.80%,52.70%,4,,2.75,2.62,0.05,,42.80%,42.80%,0
30-34,,54.80%,54.00%,0.8,,2.81,2.82,0.01,,44.60%,45.10%,2.1
35-39,,59.80%,52.00%,7.8,,3.1,2.56,0.54,,42.80%,45.30%,2.6
40-44,,48.50%,45.00%,3.5,,2.35,2.16,0.2,,43.30%,40.30%,3
45-49,,46.20%,39.50%,6.7,,2.47,1.76,0.71,,34.60%,33.30%,9.7
50 and over,,39.90%,27.60%,12.4,,2.08,1.45,0.63,,41.60%,38.10%,7.6

Number of previous conviction events,,,,,,,,,,,,
0,,12.90%,8.90%,4,,0.3,0.18,0.12,,43.90%,21.70%,30
01-Feb,,31.00%,24.30%,6.6,,0.85,0.62,0.23,,38.50%,26.50%,3
03-Jun,,46.10%,38.30%,7.9,,1.48,1.12,0.36,,34.20%,31.00%,7.1
07-Oct,,58.70%,49.80%,8.9,,2.41,1.94,0.47,,38.40%,40.00%,1.6
Nov-14,,69.60%,60.00%,9.6,,3.03,2.45,0.58,,39.00%,44.10%,5.1
15 or more,,79.80%,77.20%,2.7,,4.72,4.39,0.33,,46.20%,45.60%,0.3

Number of previous custodial sentences,,,,,,,,,,,,
0,,30.30%,25.80%,4.5,,0.93,0.76,0.17,,32.50%,25.90%,7.6
1,,50.70%,43.20%,7.6,,1.95,1.52,0.42,,34.70%,33.30%,3.5
2,,60.00%,56.20%,3.9,,2.68,1.97,0.71,,37.50%,40.50%,2.9
3 or more,,78.10%,74.20%,3.9,,4.41,4.14,0.27,,47.70%,47.80%,0.1
Notes: Significance tests have not been performed on the differences in this table. ,,,,,,,,,,,,

"Table B6: Re-offending comparisons of offenders who received a community order compared with matched offenders receiving a suspended sentence order in England and Wales, for 2010",,,,,,,,,,,,

,,One year proven re-offending rate,,,,Frequency of re-offences per offender,,,,Re-offending custody rates,,
,,Community Order,Suspended Sentence Order,Difference (percentage points),,Community Order,Suspended Sentence Order,Difference,,Community Order,Suspended Sentence Order,Difference (percentage points)

All offenders,,36.80%,33.60%,3.2,,1.24,1.07,0.17,,25.60%,48.00%,22.5
Males,,38.00%,34.70%,3.2,,1.28,1.09,0.19,,26.40%,48.30%,21.9
Females,,29.50%,26.30%,3.2,,1,0.92,0.09,,18.90%,45.60%,26.7

Age at index offence,,,,,,,,,,,,
18-20,,45.00%,41.80%,3.2,,1.41,1.26,0.16,,27.30%,44.70%,17.4
21-24,,39.70%,36.00%,3.7,,1.3,1.09,0.21,,25.60%,45.90%,20.3
25-29,,38.90%,36.10%,2.7,,1.36,1.23,0.12,,26.30%,50.20%,23.9
30-34,,40.20%,37.00%,3.2,,1.46,1.29,0.18,,27.20%,51.00%,23.8
35-39,,36.10%,32.50%,3.6,,1.31,1.04,0.27,,26.00%,50.10%,24
40-44,,30.90%,26.30%,4.6,,1.02,0.8,0.21,,21.00%,49.60%,28.6
45-49,,26.90%,24.40%,2.5,,0.81,0.71,0.1,,20.80%,46.00%,25.2
50 and over,,16.80%,14.80%,2,,0.55,0.44,0.11,,19.40%,44.90%,25.5

Number of previous conviction events,,,,,,,,,,,,
0,,13.00%,9.40%,3.5,,0.28,0.17,0.11,,11.20%,30.70%,19.5
01-Feb,,24.40%,19.80%,4.6,,0.56,0.43,0.13,,17.10%,39.10%,22
03-Jun,,34.90%,30.20%,4.7,,0.96,0.76,0.19,,22.50%,42.30%,19.8
07-Oct,,45.10%,40.60%,4.5,,1.34,1.15,0.19,,25.60%,47.60%,22
Nov-14,,52.40%,49.20%,3.2,,1.77,1.53,0.23,,29.60%,50.40%,20.8
15 or more,,65.30%,63.90%,1.4,,2.91,2.64,0.27,,31.90%,55.20%,23.4

Number of previous custodial sentences,,,,,,,,,,,,
0,,25.00%,20.90%,4.1,,0.64,0.5,0.15,,16.10%,38.00%,21.8
1,,41.20%,35.90%,5.3,,1.21,1,0.21,,25.90%,46.40%,20.5
2,,47.80%,44.10%,3.7,,1.48,1.26,0.21,,29.60%,49.90%,20.4
3 or more,,63.60%,62.00%,1.6,,2.81,2.52,0.29,,34.60%,56.90%,22.2
Notes: Significance tests have not been performed on the differences in this table. ,,,,,,,,,,,,

"Table B7: Re-offending comparisons of offenders who received a conditional discharge compared with matched offenders receiving a community order in England and Wales, for 2010",,,,,,,,,,,,

,,One year proven re-offending rate,,,,Frequency of re-offences per offender,,,,Re-offending custody rates,,
,,Community Order,Conditional Discharge,Difference (percentage points),,Community Order,Conditional Discharge,Difference,,Community Order,Conditional Discharge,Difference (percentage points)

All offenders,,39.60%,34.50%,5.1,,1.42,1.15,0.27,,23.20%,17.80%,5.4
Males,,41.20%,37.10%,4.1,,1.49,1.25,0.24,,24.70%,19.40%,5.3
Females,,34.50%,26.30%,8.2,,1.21,0.83,0.38,,17.30%,10.50%,6.8

Age at index offence,,,,,,,,,,,,
18-20,,44.70%,39.90%,4.8,,1.38,1.22,0.16,,22.60%,16.80%,5.8
21-24,,41.50%,36.30%,5.1,,1.4,1.12,0.28,,24.90%,18.50%,6.4
25-29,,43.20%,36.30%,6.9,,1.65,1.28,0.37,,25.30%,21.30%,4.1
30-34,,44.00%,38.10%,6,,1.72,1.44,0.29,,25.40%,20.20%,5.2
35-39,,41.40%,35.90%,5.6,,1.52,1.22,0.3,,22.40%,17.80%,4.6
40-44,,35.10%,30.40%,4.7,,1.27,1.01,0.25,,19.40%,15.00%,4.5
45-49,,29.80%,27.80%,2.1,,1.13,0.92,0.21,,19.70%,13.20%,6.5
50 and over,,25.10%,21.30%,3.8,,0.99,0.71,0.27,,18.00%,11.20%,6.8

Number of previous conviction events,,,,,,,,,,,,
0,,14.10%,14.70%,0.6,,0.94,0.8,0.14,,12.20%,6.90%,5.3
01-Feb,,28.00%,25.30%,2.7,,1.52,1.18,0.34,,15.90%,9.60%,6.3
03-Jun,,40.20%,34.00%,6.2,,2.3,2.07,0.23,,18.60%,13.30%,5.3
07-Oct,,49.80%,41.70%,8.1,,2.45,2.11,0.35,,23.70%,18.00%,5.7
Nov-14,,54.40%,46.30%,8.1,,1.73,1.4,0.33,,27.70%,21.30%,6.4
15 or more,,69.80%,60.70%,9.1,,0.42,0.3,0.12,,29.80%,25.20%,4.6

Number of previous custodial sentences,,,,,,,,,,,,
0,,28.10%,24.80%,3.3,,0.76,0.63,0.14,,14.20%,8.30%,5.9
1,,45.20%,39.60%,5.6,,1.46,1.27,0.19,,24.80%,18.60%,6.2
2,,54.70%,46.00%,8.7,,1.93,1.55,0.38,,26.80%,20.80%,6
3 or more,,68.70%,58.60%,10.1,,3.35,2.6,0.74,,33.40%,29.20%,4.2
Notes: Significance tests have not been performed on the differences in this table. ,,,,,,,,,,,,

"Table B8: Re-offending comparisons of offenders who received a fine compared with matched offenders receiving a community order in England and Wales, for 2010",,,,,,,,,,,,

,,One year proven re-offending rate,,,,Frequency of re-offences per offender,,,,Re-offending custody rates,,
,,Fine,Community Order,Difference (percentage points),,Fine,Community Order,Difference,,Fine,Community Order,Difference (percentage points)

All offenders,,37.80%,38.70%,0.9,,1.32,1.35,0.03,,18.00%,25.10%,7.2
Males,,38.90%,39.70%,0.8,,1.36,1.38,0.02,,18.80%,26.20%,7.3
Females,,31.90%,33.60%,1.7,,1.13,1.19,0.06,,12.60%,18.60%,6.1

Age at index offence,,,,,,,,,,,,
18-20,,45.60%,46.20%,0.6,,1.53,1.49,0.04,,19.50%,25.20%,5.7
21-24,,40.10%,41.40%,1.3,,1.28,1.4,0.12,,16.80%,26.20%,9.4
25-29,,37.60%,41.10%,3.5,,1.3,1.53,0.23,,19.70%,26.90%,7.3
30-34,,39.40%,40.70%,1.3,,1.53,1.56,0.03,,18.30%,26.50%,8.3
35-39,,38.30%,37.50%,0.8,,1.42,1.35,0.07,,17.80%,24.30%,6.5
40-44,,33.40%,32.60%,0.8,,1.2,1.1,0.1,,17.10%,21.40%,4.3
45-49,,30.50%,26.90%,3.6,,1.11,0.86,0.25,,17.00%,19.90%,2.9
50 and over,,20.80%,19.50%,1.3,,0.75,0.66,0.09,,11.70%,19.10%,7.4

Number of previous conviction events,,,,,,,,,,,,
0,,14.20%,14.10%,0.1,,0.3,0.31,0.01,,6.20%,13.00%,6.9
01-Feb,,27.20%,25.90%,1.3,,0.72,0.64,0.08,,10.70%,16.90%,6.2
03-Jun,,36.90%,38.20%,1.3,,1.02,1.08,0.07,,13.80%,20.60%,6.8
07-Oct,,46.30%,47.60%,1.3,,1.49,1.53,0.05,,18.20%,26.50%,8.3
Nov-14,,54.20%,54.80%,0.7,,2.01,1.94,0.07,,22.00%,28.60%,6.7
15 or more,,66.80%,68.80%,2,,3.1,3.2,0.1,,24.90%,32.00%,7.1

Number of previous custodial sentences,,,,,,,,,,,,
0,,26.90%,27.30%,0.4,,0.73,0.73,0,,9.00%,15.90%,6.9
1,,43.00%,43.90%,1,,1.38,1.42,0.04,,20.20%,26.70%,6.6
2,,52.70%,52.30%,0.4,,1.86,1.8,0.06,,21.10%,29.30%,8.2
3 or more,,64.60%,67.10%,2.5,,2.98,3.09,0.11,,28.20%,35.20%,7
Notes: Significance tests have not been performed on the differences in this table. ,,,,,,,,,,,,

"Table B9: Re-offending comparisons of offenders who received a fine compared with matched offenders receiving a conditional discharge in England and Wales, for 2010",,,,,,,,,,,,

,,One year proven re-offending rate,,,,Frequency of re-offences per offender,,,,Re-offending custody rates,,
,,Fine,Conditional Discharge,Difference (percentage points),,Fine,Conditional Discharge,Difference,,Fine,Conditional Discharge,Difference (percentage points)

All offenders,,40.00%,34.50%,5.5,,1.48,1.15,0.32,,16.80%,17.80%,1
Males,,41.90%,37.10%,4.8,,1.56,1.25,0.31,,18.00%,19.40%,1.4
Females,,33.80%,26.20%,7.6,,1.2,0.83,0.38,,12.30%,10.50%,1.8

Age at index offence,,,,,,,,,,,,
18-20,,46.00%,39.90%,6.1,,1.51,1.22,0.29,,18.00%,16.80%,1.2
21-24,,40.70%,36.30%,4.4,,1.36,1.12,0.24,,16.30%,18.50%,2.2
25-29,,39.70%,36.30%,3.3,,1.41,1.28,0.13,,19.50%,21.30%,1.7
30-34,,42.30%,38.10%,4.3,,1.34,1.44,0.1,,18.70%,20.20%,1.5
35-39,,41.10%,35.90%,5.3,,1.66,1.22,0.44,,16.30%,17.80%,1.4
40-44,,37.80%,30.40%,7.5,,1.42,1.01,0.41,,16.40%,15.00%,1.5
45-49,,36.80%,27.70%,9,,1.51,0.92,0.59,,13.50%,13.20%,0.3
50 and over,,30.10%,21.30%,8.8,,1.37,0.71,0.65,,9.90%,11.30%,1.4

Number of previous conviction events,,,,,,,,,,,,
0,,16.30%,14.70%,1.6,,0.37,0.32,0.05,,6.50%,6.90%,0.4
01-Feb,,29.20%,25.30%,3.9,,0.76,0.61,0.15,,10.40%,9.60%,0.9
03-Jun,,39.50%,34.00%,5.5,,1.12,0.91,0.2,,13.70%,13.30%,0.4
07-Oct,,48.40%,41.70%,6.7,,1.61,1.27,0.34,,16.00%,18.00%,2
Nov-14,,53.20%,46.30%,7,,1.92,1.52,0.4,,20.20%,21.30%,1.1
15 or more,,69.30%,60.70%,8.6,,3.55,2.71,0.84,,23.30%,25.20%,2

Number of previous custodial sentences,,,,,,,,,,,,
0,,29.00%,24.80%,4.2,,0.79,0.63,0.16,,8.80%,8.30%,0.5
1,,46.70%,39.50%,7.1,,1.57,1.27,0.3,,17.80%,18.60%,0.8
2,,53.40%,46.00%,7.4,,2.1,1.55,0.55,,21.70%,20.80%,0.9
3 or more,,67.30%,58.60%,8.7,,3.41,2.61,0.8,,26.30%,29.20%,3
Notes: Significance tests have not been performed on the differences in this table. ,,,,,,,,,,,,


"Table B10: Re-offending comparisons of offenders who received an immediate custodial sentence of less than 12 months compared with matched offenders receiving a community order, for 2009",,,,,,,,,,,,


,,One year proven re-offending rate,,,,Frequency of re-offences per offender,,,,Re-offending custody rates,,
,,Community Order,Immediate Custody (less than or equal to 12 months),Difference (percentage points),,Community Order,Immediate Custody (less than or equal to 12 months),Difference,,Community Order,Immediate Custody (less than or equal to 12 months),Difference (percentage points)

All offenders,,55.45%,62.29%,6.8,,2.34,3.23,0.89,,31.87%,43.23%,11.4
Males,,55.43%,62.30%,6.9,,2.33,3.2,0.87,,32.52%,43.64%,11.1
Females,,52.11%,62.17%,10.1,,2.28,3.48,1.2,,25.69%,39.66%,14

Age at index offence,,,,,,,,,,,,
18-20,,58.31%,68.93%,10.6,,2.18,3.32,1.14,,32.77%,42.59%,9.8
21-24,,54.13%,63.10%,9,,2.04,2.97,0.93,,32.02%,42.76%,10.7
25-29,,59.46%,63.57%,4.1,,2.8,3.23,0.43,,36.58%,44.22%,7.6
30-34,,60.64%,64.25%,3.6,,2.62,3.36,0.75,,32.35%,44.77%,12.4
35-39,,54.58%,60.81%,6.2,,2.29,3.09,0.8,,27.23%,42.01%,14.8
40-44,,51.01%,57.53%,6.5,,2.05,2.94,0.89,,29.19%,41.58%,12.4
45-49,,46.43%,55.98%,9.6,,1.96,3.57,1.61,,28.42%,43.11%,14.7
50 and over,,38.74%,50.84%,12.1,,2.13,3.94,1.82,,24.62%,43.72%,19.1

Number of previous conviction events,,,,,,,,,,,,
0,,15.29%,14.96%,1.5,,0.31,0.35,0.02,,11.21%,32.11%,20.9
01-Feb,,27.04%,32.32%,5.3,,0.67,0.97,0.31,,17.11%,36.89%,19.8
03-Jun,,42.60%,48.68%,6.1,,1.25,1.69,0.44,,24.52%,38.22%,13.7
07-Oct,,51.34%,60.10%,8.8,,1.71,2.44,0.73,,30.80%,39.65%,8.8
Nov-14,,58.90%,67.45%,8.6,,2.24,3.05,0.81,,32.45%,41.86%,9.4
15 or more,,72.60%,80.29%,7.7,,3.6,5,1.4,,35.32%,46.31%,11

Number of previous custodial sentences,,,,,,,,,,,,
0,,34.35%,34.92%,0.1,,0.99,1.12,0.13,,18.24%,30.32%,12.1
1,,49.78%,52.83%,3,,1.6,2.02,0.41,,27.04%,36.34%,9.3
2,,53.90%,62.95%,9,,1.89,2.56,0.68,,30.24%,39.90%,9.7
3 or more,,71.12%,78.69%,7.6,,3.48,4.74,1.26,,37.20%,47.82%,10.6
Notes: Significance tests have not been performed on the differences in this table. ,,,,,,,,,,,,

"Table B11: Re-offending comparisons of offenders who received an immediate custodial sentence of less than 12 months compared with matched offenders receiving a suspended sentence order, for 2009",,,,,,,,,,,,


,,One year proven re-offending rate,,,,Frequency of re-offences per offender,,,,Re-offending custody rates,,
,,Suspended Sentence Order,Immediate Custody (less than or equal to 12 months),Difference (percentage points),,Suspended Sentence Order,Immediate Custody (less than or equal to 12 months),Difference,,Suspended Sentence Order,Immediate Custody (less than or equal to 12 months),Difference (percentage points)

All offenders,,53.15%,62.24%,9.09,,2.04,3.21,1.17,,54.34%,43.21%,11.13
Males,,53.28%,62.25%,8.98,,2.01,3.18,1.17,,54.95%,43.62%,11.33
Females,,51.96%,62.09%,10.13,,2.26,3.44,1.17,,48.70%,39.57%,9.13

Age at index offence,,,,,,,,,,,,
18-20,,57.98%,68.93%,10.94,,2.08,3.32,1.24,,50.86%,42.59%,8.27
21-24,,52.64%,63.10%,10.46,,1.88,2.97,1.09,,53.12%,42.76%,10.36
25-29,,57.71%,63.56%,5.85,,2.36,3.23,0.87,,56.13%,44.21%,11.92
30-34,,56.48%,64.25%,7.76,,2.25,3.36,1.12,,56.89%,44.77%,12.12
35-39,,52.66%,60.78%,8.12,,2.09,3.09,1,,55.14%,42.03%,13.11
40-44,,48.36%,57.38%,9.02,,1.76,2.87,1.11,,50.85%,41.42%,9.43
45-49,,41.01%,55.77%,14.76,,1.37,3.44,2.07,,49.84%,43.15%,6.68
50 and over,,33.79%,50.18%,16.39,,1.4,3.8,2.39,,60.06%,43.41%,16.65

Number of previous conviction events,,,,,,,,,,,,
0,,11.16%,14.96%,3.8,,0.2,0.35,0.14,,26.01%,32.11%,6.11
01-Feb,,23.87%,32.32%,8.45,,0.55,0.97,0.42,,38.98%,36.89%,2.09
03-Jun,,36.38%,48.68%,12.3,,1,1.69,0.7,,47.07%,38.22%,8.84
07-Oct,,49.88%,60.10%,10.22,,1.56,2.44,0.88,,52.61%,39.65%,12.96
Nov-14,,57.97%,67.45%,9.48,,1.94,3.05,1.11,,54.06%,41.86%,12.2
15 or more,,71.57%,80.23%,8.66,,3.16,4.96,1.79,,57.83%,46.28%,11.54

Number of previous custodial sentences,,,,,,,,,,,,
0,,29.68%,34.92%,5.24,,0.8,1.12,0.32,,38.93%,30.32%,8.61
1,,45.21%,52.83%,7.62,,1.37,2.02,0.65,,52.01%,36.34%,15.67
2,,51.69%,62.95%,11.25,,1.66,2.56,0.9,,53.89%,39.90%,13.99
3 or more,,70.11%,78.64%,8.52,,3.03,4.7,1.67,,58.90%,47.80%,11.1
Notes: Significance tests have not been performed on the differences in this table. ,,,,,,,,,,,,

"Table B12: Re-offending comparisons of offenders who received an immediate custodial sentence of less than 12 months compared with offenders receiving a court order, for 2009",,,,,,,,,,,,


,,One year proven re-offending rate,,,,Frequency of re-offences per offender,,,,Re-offending custody rates,,
,,Court Order,Immediate Custody (less than 12 months),Difference (percentage points),,Court Order,Immediate Custody (less than 12 months),Difference,,Court Order,Immediate Custody (less than 12 months),Difference (percentage points)

All offenders,,55.10%,62.30%,7.2,,3.22,2.28,0.95,,43.20%,37.90%,5.3
Males,,55.30%,62.30%,7,,3.2,2.27,0.92,,43.60%,38.80%,4.8
Females,,52.90%,62.20%,9.2,,3.48,2.32,1.15,,39.60%,29.00%,10.6

Age at index offence,,,,,,,,,,,,
18-20,,58.50%,68.90%,10.5,,3.32,2.11,1.21,,42.60%,36.30%,6.3
21-24,,55.50%,63.10%,7.6,,2.97,2.09,0.88,,42.80%,37.80%,4.9
25-29,,58.30%,63.60%,5.2,,3.23,2.61,0.62,,44.20%,40.30%,3.9
30-34,,59.10%,64.30%,5.1,,3.37,2.47,0.89,,44.80%,39.40%,5.4
35-39,,53.40%,60.80%,7.4,,3.09,2.34,0.74,,42.00%,36.10%,5.9
40-44,,48.30%,57.50%,9.2,,2.93,1.97,0.95,,41.60%,36.60%,4.9
45-49,,47.50%,55.90%,8.4,,3.54,1.94,1.6,,43.10%,33.90%,9.2
50 and over,,42.20%,50.60%,8.4,,3.9,2.09,1.81,,43.60%,36.90%,6.7

Number of previous conviction events,,,,,,,,,,,,
0,,14.20%,14.90%,0.8,,0.35,0.32,0.03,,32.10%,16.10%,16
01-Feb,,27.70%,32.30%,4.6,,0.97,0.67,0.3,,36.90%,23.60%,13.2
03-Jun,,41.20%,48.70%,7.5,,1.69,1.19,0.51,,38.20%,28.80%,9.4
07-Oct,,52.10%,60.10%,8.1,,2.44,1.68,0.76,,39.60%,35.40%,4.2
Nov-14,,58.60%,67.40%,8.8,,3.05,2.1,0.95,,41.90%,39.00%,2.8
15 or more,,72.10%,80.30%,8.2,,4.99,3.51,1.49,,46.30%,41.80%,4.5

Number of previous custodial sentences,,,,,,,,,,,,
0,,34.10%,34.90%,0.9,,1.12,0.96,0.16,,30.30%,24.00%,6.4
1,,49.10%,52.80%,3.8,,2.02,1.58,0.43,,36.30%,32.60%,3.7
2,,55.90%,62.90%,7.1,,2.56,1.89,0.67,,39.90%,35.00%,4.9
3 or more,,70.80%,78.70%,7.9,,4.73,3.39,1.34,,47.80%,43.70%,4.2
Notes: Significance tests have not been performed on the differences in this table. ,,,,,,,,,,,,

"Table B13: Re-offending comparisons of offenders who received an immediate custodial sentence of less than 12 months compared with offenders receiving immediate custodial sentences of between 1 and 4 years, for 2009",,,,,,,,,,,,


,,One year proven re-offending rate,,,,Frequency of re-offences per offender,,,,Re-offending custody rates,,
,,Immediate Custody (1 to 4 years),Immediate Custody (less than 12 months),Difference (percentage points),,Immediate Custody (1 to 4 years),Immediate Custody (less than 12 months),Difference,,Immediate Custody (1 to 4 years),Immediate Custody (less than 12 months),Difference (percentage points)

All offenders,,49.52%,62.29%,12.77,,2.19,3.23,1.04,,42.79%,43.23%,0.44
Males,,50.49%,62.30%,11.81,,2.25,3.2,0.95,,43.56%,43.64%,0.08
Females,,40.58%,62.17%,21.58,,1.59,3.48,1.89,,33.95%,39.66%,5.71

Age at index offence,,,,,,,,,,,,
18-20,,60.80%,68.93%,8.12,,2.22,3.32,1.09,,47.99%,42.59%,5.4
21-24,,54.54%,63.10%,8.56,,2.01,2.97,0.96,,39.04%,42.76%,3.73
25-29,,51.52%,63.57%,12.05,,1.99,3.23,1.24,,44.05%,44.22%,0.17
30-34,,45.61%,64.25%,18.64,,2.13,3.36,1.24,,37.56%,44.77%,7.21
35-39,,48.31%,60.81%,12.5,,2.27,3.09,0.82,,43.81%,42.01%,1.8
40-44,,43.94%,57.53%,13.58,,1.9,2.94,1.03,,50.44%,41.58%,8.87
45-49,,36.02%,55.98%,19.96,,2.14,3.57,1.42,,26.72%,43.11%,16.39
50 and over,,34.99%,50.84%,15.85,,3.74,3.94,0.2,,50.42%,43.72%,6.71

Number of previous conviction events,,,,,,,,,,,,
0,,6.93%,14.96%,8.02,,0.14,0.35,0.21,,27.67%,32.11%,4.44
01-Feb,,17.92%,32.32%,14.4,,0.4,0.97,0.58,,39.66%,36.89%,2.76
03-Jun,,33.61%,48.68%,15.07,,0.96,1.69,0.74,,35.22%,38.22%,3
07-Oct,,49.00%,60.10%,11.1,,1.43,2.44,1,,39.93%,39.65%,0.28
Nov-14,,54.61%,67.45%,12.84,,1.79,3.05,1.26,,47.61%,41.86%,5.75
15 or more,,67.00%,80.29%,13.29,,3.64,5,1.36,,43.85%,46.31%,2.46

Number of previous custodial sentences,,,,,,,,,,,,
0,,22.05%,34.92%,12.88,,0.53,1.12,0.59,,32.73%,30.32%,2.41
1,,38.09%,52.83%,14.74,,1.05,2.02,0.96,,35.05%,36.34%,1.3
2,,49.35%,62.95%,13.6,,1.93,2.56,0.64,,33.54%,39.90%,6.36
3 or more,,65.94%,78.69%,12.75,,3.33,4.74,1.41,,46.68%,47.82%,1.14
Notes: Significance tests have not been performed on the differences in this table. ,,,,,,,,,,,,

"Table B14: Re-offending comparisons of offenders who received an immediate custodial of less than or equal to 6 months compared with offenders receiving immediate custodial sentences of more than 6 to less than 12 months, for 2009",,,,,,,,,,,,


,,One year proven re-offending rate,,,,Frequency of re-offences per offender,,,,Re-offending custody rates,,
,,Immediate Custody (less than or equal to 6 months),Immediate Custody (more than 6 months to less than 12 months),Difference (percentage points),,Immediate Custody (less than or equal to 6 months),Immediate Custody (more than 6 months to less than 12 months),Difference,,Immediate Custody (less than or equal to 6 months),Immediate Custody (more than 6 months to less than 12 months),Difference (percentage points)

All offenders,,56.80%,52.19%,4.6,,2.64,2.34,0.3,,40.53%,41.49%,0.96
Males,,57.13%,52.47%,4.66,,2.62,2.31,0.32,,40.91%,42.16%,1.26
Females,,52.96%,49.29%,3.67,,2.78,2.69,0.09,,35.78%,33.76%,0.04

Age at index offence,,,,,,,,,,,,
18-20,,64.65%,60.41%,4.23,,2.99,2.62,0.36,,38.08%,41.04%,0.29
21-24,,59.31%,53.58%,5.73,,2.45,2.31,0.14,,39.60%,40.35%,0.76
25-29,,58.72%,55.55%,3.17,,2.82,2.55,0.27,,42.66%,42.02%,0.64
30-34,,60.67%,53.55%,7.13,,2.8,2.58,0.22,,44.14%,43.03%,1.28
35-39,,53.25%,49.94%,3.3,,2.5,2.22,0.28,,36.36%,42.66%,6.29
40-44,,48.63%,47.40%,1.23,,2.25,2.07,0.18,,43.19%,38.46%,3.4
45-49,,43.47%,38.37%,5.09,,2.6,1.6,0.99,,38.56%,40.91%,2.35
50 and over,,31.15%,25.71%,5.43,,1.79,1.22,0.58,,42.11%,44.44%,9.24

Number of previous conviction events,,,,,,,,,,,,
0,,15.91%,10.85%,5.06,,0.34,0.25,0.09,,24.31%,27.45%,3.15
01-Feb,,29.33%,24.82%,4.52,,1.02,0.62,0.4,,30.58%,33.00%,2.43
03-Jun,,49.80%,42.05%,7.75,,1.67,1.31,0.36,,34.08%,31.67%,2.41
07-Oct,,60.16%,55.63%,4.53,,2.28,2.04,0.24,,36.38%,37.68%,1.3
Nov-14,,66.47%,61.51%,4.96,,2.88,2.67,0.21,,41.44%,43.86%,4.15
15 or more,,78.43%,76.21%,2.21,,4.46,4.13,0.32,,45.76%,46.13%,0.46

Number of previous custodial sentences,,,,,,,,,,,,
0,,34.17%,26.57%,7.59,,1.13,0.72,0.41,,29.01%,26.73%,2.28
1,,51.39%,45.38%,6.01,,2,1.63,0.37,,35.06%,35.75%,1.53
2,,62.41%,57.21%,5.2,,2.38,2.14,0.23,,39.31%,39.02%,2.1
3 or more,,76.44%,75.48%,0.96,,4.17,4,0.17,,46.22%,47.44%,1.22
Notes: Significance tests have not been performed on the differences in this table. ,,,,,,,,,,,,

"Table B15: Re-offending comparisons of offenders who received a community order compared with offenders receiving a suspended sentence order, for 2009",,,,,,,,,,,,


,,One year proven re-offending rate,,,,Frequency of re-offences per offender,,,,Re-offending custody rates,,
,,Community Order,Suspended Sentence Order,Difference (percentage points),,Community Order,Suspended Sentence Order,Difference,,Community Order,Suspended Sentence Order,Difference (percentage points)

All offenders,,37.69%,34.37%,3.32,,1.24,1.06,0.18,,25.57%,47.72%,22.15
Males,,38.87%,35.69%,3.17,,1.27,1.08,0.19,,26.76%,48.58%,21.82
Females,,30.47%,26.87%,3.6,,1.05,0.93,0.12,,16.66%,40.93%,24.27

Age at index offence,,,,,,,,,,,,
18-20,,45.68%,43.17%,2.5,,1.46,1.27,0.18,,26.61%,43.69%,17.08
21-24,,40.45%,37.08%,3.37,,1.24,1.11,0.12,,26.13%,47.71%,21.58
25-29,,40.07%,38.09%,1.98,,1.38,1.25,0.13,,28.65%,49.32%,20.67
30-34,,41.34%,36.34%,4.99,,1.48,1.17,0.31,,25.08%,50.71%,25.62
35-39,,35.46%,32.33%,3.13,,1.19,1.01,0.18,,24.51%,48.78%,24.28
40-44,,30.16%,26.99%,3.17,,0.93,0.78,0.15,,23.58%,46.90%,23.32
45-49,,27.50%,23.77%,3.72,,0.86,0.66,0.2,,21.70%,46.23%,24.53
50 and over,,20.80%,15.10%,5.71,,0.75,0.46,0.29,,15.69%,46.98%,31.29

Number of previous conviction events,,,,,,,,,,,,
0,,13.61%,10.46%,3.14,,0.29,0.19,0.1,,13.20%,28.75%,15.55
01-Feb,,23.98%,20.33%,3.64,,0.56,0.44,0.12,,16.32%,38.32%,22
03-Jun,,36.40%,30.64%,5.76,,0.99,0.76,0.22,,20.60%,44.09%,23.49
07-Oct,,44.22%,42.40%,1.82,,1.34,1.21,0.13,,24.54%,48.87%,24.33
Nov-14,,52.12%,49.33%,2.79,,1.73,1.5,0.23,,31.00%,51.39%,20.39
15 or more,,64.90%,62.52%,2.38,,2.74,2.46,0.28,,32.21%,53.52%,21.31

Number of previous custodial sentences,,,,,,,,,,,,
0,,25.76%,21.89%,3.87,,0.66,0.51,0.14,,15.86%,37.80%,21.94
1,,41.07%,36.36%,4.71,,1.21,0.99,0.22,,24.95%,48.92%,23.97
2,,48.46%,43.97%,4.49,,1.54,1.29,0.24,,28.46%,49.64%,21.18
3 or more,,62.92%,60.77%,2.15,,2.63,2.34,0.29,,35.04%,55.58%,20.54
Notes: Significance tests have not been performed on the differences in this table. ,,,,,,,,,,,,

"Table B16: Re-offending comparisons of offenders who received a conditional discharge compared with offenders receiving a community order, for 2009",,,,,,,,,,,,


,,One year proven re-offending rate,,,,Frequency of re-offences per offender,,,,Re-offending custody rates,,
,,Community Order,Conditional Discharge,Difference (percentage points),,Community Order,Conditional Discharge,Difference,,Community Order,Conditional Discharge,Difference (percentage points)

All offenders,,39.15%,35.49%,3.66,,1.37,1.18,0.19,,23.04%,17.22%,5.81
Males,,40.70%,37.96%,2.74,,1.43,1.29,0.15,,24.55%,18.82%,5.73
Females,,34.11%,27.35%,6.76,,1.17,0.83,0.34,,17.17%,9.93%,7.24

Age at index offence,,,,,,,,,,,,
18-20,,44.08%,40.47%,3.61,,1.38,1.23,0.16,,23.10%,17.43%,5.67
21-24,,41.25%,37.10%,4.15,,1.33,1.16,0.17,,23.90%,18.11%,5.79
25-29,,42.88%,37.90%,4.97,,1.62,1.32,0.3,,25.96%,18.89%,7.07
30-34,,43.06%,38.33%,4.73,,1.56,1.3,0.26,,24.66%,19.34%,5.32
35-39,,39.67%,35.79%,3.88,,1.47,1.23,0.24,,21.89%,16.96%,4.92
40-44,,34.49%,32.49%,2,,1.18,1.1,0.08,,20.01%,13.02%,6.99
45-49,,29.73%,28.76%,0.97,,1.04,0.99,0.05,,22.07%,15.78%,6.29
50 and over,,24.06%,20.77%,3.29,,1.03,0.83,0.19,,13.56%,10.76%,2.8

Number of previous conviction events,,,,,,,,,,,,
0,,13.67%,15.56%,1.9,,0.3,0.35,0.05,,12.27%,6.90%,5.38
01-Feb,,27.60%,26.21%,1.39,,0.69,0.63,0.06,,15.06%,9.34%,5.73
03-Jun,,39.79%,34.70%,5.09,,1.13,0.94,0.19,,19.03%,13.64%,5.39
07-Oct,,49.20%,42.23%,6.97,,1.58,1.3,0.28,,24.16%,18.19%,5.97
Nov-14,,55.11%,49.37%,5.74,,2.04,1.66,0.38,,27.22%,21.03%,6.19
15 or more,,68.95%,60.77%,8.17,,3.2,2.66,0.54,,29.36%,23.77%,5.59

Number of previous custodial sentences,,,,,,,,,,,,
0,,27.64%,25.47%,2.18,,0.76,0.66,0.1,,14.52%,8.18%,6.34
1,,44.31%,41.44%,2.86,,1.32,1.29,0.04,,23.35%,18.92%,4.43
2,,52.96%,46.02%,6.95,,1.87,1.53,0.35,,28.15%,20.67%,7.48
3 or more,,67.55%,59.10%,8.45,,3.12,2.57,0.55,,32.39%,27.35%,5.05
Notes: Significance tests have not been performed on the differences in this table. ,,,,,,,,,,,,

"Table B17: Re-offending comparisons of offenders who received a fine compared with offenders receiving a community order, for 2009",,,,,,,,,,,,

,,One year proven re-offending rate,,,,Frequency of re-offences per offender,,,,Re-offending custody rates,,
,,Fine,Community Order,Difference (percentage points),,Fine,Community Order,Difference,,Fine,Community Order,Difference (percentage points)

All offenders,,37.51%,38.62%,1.11,,1.28,1.29,0.01,,17.49%,24.63%,7.14
Males,,38.77%,39.65%,0.88,,1.32,1.32,0,,18.42%,25.73%,7.31
Females,,30.93%,33.15%,2.22,,1.06,1.13,0.07,,11.34%,17.65%,6.31

Age at index offence,,,,,,,,,,,,
18-20,,43.77%,45.96%,2.19,,1.4,1.47,0.07,,17.82%,25.26%,7.44
21-24,,39.46%,41.07%,1.6,,1.27,1.3,0.03,,18.66%,24.55%,5.89
25-29,,39.68%,41.11%,1.43,,1.34,1.48,0.14,,18.60%,27.60%,9
30-34,,39.15%,41.22%,2.06,,1.43,1.44,0.02,,19.41%,25.71%,6.3
35-39,,36.19%,36.48%,0.29,,1.26,1.24,0.02,,15.36%,22.44%,7.08
40-44,,31.61%,31.02%,0.6,,1.11,1.01,0.1,,14.93%,21.59%,6.66
45-49,,30.02%,26.24%,3.78,,1.01,0.83,0.18,,14.16%,19.32%,5.16
50 and over,,21.25%,20.40%,0.85,,0.99,0.72,0.27,,11.00%,17.92%,6.91

Number of previous conviction events,,,,,,,,,,,,
0,,15.58%,14.27%,1.31,,0.32,0.31,0.02,,7.08%,12.44%,5.36
01-Feb,,26.63%,26.04%,0.58,,0.66,0.64,0.02,,10.71%,15.98%,5.26
03-Jun,,37.73%,38.62%,0.89,,1.05,1.08,0.03,,13.43%,21.09%,7.66
07-Oct,,46.03%,47.79%,1.76,,1.48,1.49,0.01,,18.69%,25.57%,6.88
Nov-14,,52.30%,55.06%,2.76,,1.83,1.92,0.09,,21.80%,29.74%,7.93
15 or more,,63.87%,67.66%,3.79,,2.95,2.97,0.02,,23.95%,31.25%,7.3

Number of previous custodial sentences,,,,,,,,,,,,
0,,27.28%,27.56%,0.28,,0.72,0.73,0.01,,9.26%,15.80%,6.54
1,,43.22%,43.77%,0.54,,1.36,1.34,0.02,,17.35%,25.75%,8.4
2,,49.31%,52.07%,2.76,,1.79,1.75,0.04,,21.57%,29.23%,7.66
3 or more,,61.71%,65.79%,4.09,,2.79,2.86,0.07,,27.64%,34.50%,6.86
Notes: Significance tests have not been performed on the differences in this table. ,,,,,,,,,,,,

"Table B18: Re-offending comparisons of offenders who received a fine compared with offenders receiving a conditional discharge, for 2009",,,,,,,,,,,,

,,One year proven re-offending rate,,,,Frequency of re-offences per offender,,,,Re-offending custody rates,,
,,Fine,Conditional Discharge,Difference (percentage points),,Fine,Conditional Discharge,Difference,,Fine,Conditional Discharge,Difference (percentage points)

All offenders,,40.60%,35.50%,5.11,,1.49,1.18,0.3,,16.91%,17.22%,0.31
Males,,42.45%,37.96%,4.5,,1.57,1.29,0.29,,18.43%,18.82%,0.39
Females,,34.33%,27.36%,6.97,,1.2,0.83,0.36,,10.57%,9.92%,0.65

Age at index offence,,,,,,,,,,,,
18-20,,45.59%,40.47%,5.12,,1.45,1.23,0.22,,16.91%,17.43%,0.52
21-24,,40.67%,37.10%,3.56,,1.31,1.16,0.15,,17.94%,18.11%,0.17
25-29,,41.78%,37.90%,3.88,,1.46,1.32,0.14,,18.16%,18.89%,0.73
30-34,,43.43%,38.32%,5.11,,1.65,1.3,0.35,,20.35%,19.34%,1.01
35-39,,40.92%,35.79%,5.13,,1.61,1.23,0.38,,15.72%,16.96%,1.24
40-44,,39.03%,32.51%,6.53,,1.55,1.1,0.46,,13.66%,13.02%,0.64
45-49,,36.35%,28.77%,7.58,,1.46,0.99,0.47,,15.31%,15.77%,0.46
50 and over,,28.92%,20.76%,8.16,,1.51,0.83,0.68,,11.12%,10.76%,0.35

Number of previous conviction events,,,,,,,,,,,,
0,,17.16%,15.57%,1.59,,0.38,0.35,0.03,,8.44%,6.90%,1.54
01-Feb,,29.59%,26.21%,3.38,,0.77,0.63,0.14,,9.16%,9.34%,0.18
03-Jun,,40.73%,34.70%,6.03,,1.16,0.94,0.22,,13.39%,13.64%,0.25
07-Oct,,48.97%,42.23%,6.74,,1.63,1.3,0.33,,17.84%,18.19%,0.35
Nov-14,,54.59%,49.37%,5.22,,2.03,1.66,0.37,,18.23%,21.03%,2.81
15 or more,,68.08%,60.76%,7.32,,3.42,2.66,0.76,,23.71%,23.76%,0.05

Number of previous custodial sentences,,,,,,,,,,,,
0,,29.69%,25.47%,4.23,,0.81,0.66,0.16,,8.31%,8.18%,0.13
1,,46.44%,41.45%,4.98,,1.59,1.29,0.31,,17.60%,18.91%,1.31
2,,52.27%,45.99%,6.28,,1.87,1.53,0.35,,21.03%,20.67%,0.36
3 or more,,65.93%,59.11%,6.83,,3.27,2.57,0.7,,26.99%,27.34%,0.36,,,,,,,,
Notes: Significance tests have not been performed on the differences in this table. ,,,,,,,,,,,,,,,,,,,,


"Table C1: Logistic regression model output showing the statistically significant offender and offence characteristics that affect offenders receiving a custodial sentencing outcome, for 2010; England and Wales",,,,,,,,,,,,,,,,,,,,

,,Immediate Custody <12 months (1) compared with Community Orders (0),,,,Immediate Custody <12 months (1) compared with Suspended Sentence Orders (0),,,,Immediate Custody <12 months (1) compared with Court Orders (0),,,,Immediate Custody 1 to 4 years (1) compared with Immediate Custody <12 months (0),,,,Immediate Custody more than 6 to less than 12 months (1) compared with Immediate Custody less than or equal to 6 months (0),,
Offender Characteristics,,Coefficient,SE,P-Value,,Coefficient,SE,P-Value,,Coefficient,SE,P-Value,,Coefficient,SE,P-Value,,Coefficient,SE,P-Value

Ethnicity,,,,,,,,,,,,,,,,,,,,
White ,,reference category,,,,reference category,,,,reference category,,,,reference category,,,,reference category,,
Black,,0.355,0.023,<0.001,,0.17,0.027,<0.001,,0.279,0.022,<0.001,,0.072,0.035,<0.05,,-0.011,0.048,0.821
Asian,,0.359,0.031,<0.001,,0.13,0.035,<0.001,,0.292,0.029,<0.001,,-0.015,0.047,0.743,,0.085,0.062,0.171
Other  ,,1.045,0.057,<0.001,,0.847,0.069,<0.001,,0.967,0.053,<0.001,,0.483,0.089,<0.001,,-0.447,0.118,<0.001
Unknown,,-0.067,0.065,0.3,,-0.085,0.074,0.252,,-0.081,0.062,0.197,,0.041,0.106,0.701,,0.056,0.139,0.688
Gender,,,,,,,,,,,,,,,,,,,,
Male,,reference category,,,,reference category,,,,reference category,,,,reference category,,,,reference category,,
Female,,-0.342,0.021,<0.001,,-0.314,0.026,<0.001,,-0.315,0.02,<0.001,,0.222,0.039,<0.001,,-0.135,0.049,<.01
Criminal History,,,,,,,,,,,,,,,,,,,,
Number of previous offences,,-0.016,0.065,0.811,,0.086,0.082,0.297,,-0.009,0.001,<0.001,,-0.022,0.002,<0.001,,0.011,0.002,<0.001
Number of previous Tier 1 offences,,0.046,0.068,0.494,,-0.111,0.083,0.181,,-,-,-,,-,-,-,,-,-,-
Number of previous Tier 2 offences,,-0.018,0.065,0.778,,-0.117,0.082,0.155,,-0.026,0.003,<0.001,,-,-,-,,-,-,-
Number of previous Tier 3 offences,,0.022,0.065,0.734,,-0.09,0.082,0.274,,-,-,-,,-,-,-,,-,-,-
Copas Rate,,1.107,0.024,<0.001,,1.006,0.026,<0.001,,0.997,0.018,<0.001,,0.643,0.035,<0.001,,-0.592,0.041,<0.001
Age at first offence,,0.061,0.004,<0.001,,0.053,0.005,<0.001,,0.063,0.004,<0.001,,0.146,0.007,<0.001,,-0.057,0.009,<0.001
Number of previous custodial sentences,,0.148,0.004,<0.001,,0.099,0.005,<0.001,,0.109,0.003,<0.001,,-0.014,0.006,0.028,,-0.004,0.008,0.555
Number of previous court orders,,0.015,0.006,<0.05,,-0.01,0.007,0.141,,-0.003,0.005,0.633,,-0.032,0.01,<0.01,,0.071,0.012,<0.001
Number of previous convictions,,-0.044,0.003,<0.001,,-0.025,0.004,<0.001,,-,-,-,,0.051,0.005,<0.001,,-0.023,0.005,<0.001
Number of previous cautions,,-0.151,0.013,<0.001,,-0.095,0.016,<0.001,,-0.105,0.012,<0.001,,0.062,0.017,<0.001,,-,-,-
Index Offence,,,,,,,,,,,,,,,,,,,,
Violence,,reference category,,,,reference category,,,,reference category,,,,reference category,,,,reference category,,
Robbery,,0.612,0.145,<0.001,,-0.149,0.155,0.336,,-0.003,0.129,0.984,,-1.506,0.182,<0.001,,1.257,0.276,<0.001
Public order or riot,,-0.232,0.03,<0.001,,-0.096,0.034,<0.01,,-0.2,0.029,<0.001,,-0.34,0.045,<0.001,,0.366,0.06,<0.001
Sexual,,0.021,0.07,0.766,,0.763,0.083,<0.001,,0.402,0.064,<0.001,,0.276,0.096,<0.01,,-0.395,0.141,<0.01
Sexual (Child),,0.575,0.084,<0.001,,0.687,0.09,<0.001,,0.634,0.079,<0.001,,-1.395,0.089,<0.001,,0.984,0.156,<0.001
Sexual (Soliciting or Prostitution),,1.28,0.249,<0.001,,0.806,0.25,<0.01,,1.081,0.214,<0.001,,-0.335,0.295,0.257,,-0.412,0.483,0.393
Domestic burglary,,-0.315,0.106,<0.01,,-0.152,0.132,0.251,,-0.394,0.101,<0.001,,-0.535,0.168,<0.01,,0.411,0.23,0.073
Other burglary,,-0.207,0.037,<0.001,,0.155,0.045,<0.001,,-0.103,0.035,<0.01,,-0.466,0.051,<0.001,,0.34,0.069,<0.001
Theft,,-0.253,0.02,<0.001,,0.606,0.024,<0.001,,-0.034,0.019,0.065,,0.777,0.037,<0.001,,-0.391,0.043,<0.001
Handling,,-0.502,0.052,<0.001,,-0.094,0.061,0.124,,-0.362,0.05,<0.001,,-0.495,0.073,<0.001,,0.469,0.099,<0.001
Fraud and forgery,,0.519,0.035,<0.001,,0.537,0.04,<0.001,,0.478,0.033,<0.001,,-0.214,0.051,<0.001,,0.383,0.067,<0.001
Absconding or bail offences,,0.222,0.043,<0.001,,1.226,0.065,<0.001,,0.447,0.041,<0.001,,0.685,0.085,<0.001,,-0.693,0.106,<0.001
Taking and driving away and related offences,,-0.444,0.076,<0.001,,0.433,0.103,<0.001,,-0.209,0.073,<0.01,,1.216,0.159,<0.001,,-0.544,0.189,<0.01
Theft from vehicles,,-0.866,0.111,<0.001,,0.562,0.144,<0.001,,-0.487,0.106,0.174,,2.102,0.189,<0.001,,-0.861,0.246,<0.001
Other motoring offences,,0.287,0.03,<0.001,,0.168,0.033,<0.001,,0.269,0.028,<0.001,,0.405,0.05,<0.001,,-0.148,0.061,<0.05
Drink driving offences,,-0.479,0.038,<0.001,,-0.023,0.044,0.608,,-0.356,0.037,<0.001,,2.208,0.15,<0.001,,-1.209,0.126,<0.001
Criminal or malicious damage,,-0.863,0.039,<0.001,,0.449,0.053,<0.001,,-0.582,0.038,<0.001,,-0.135,0.066,<0.05,,-0.717,0.112,<0.001
Drugs import/export/ production/supply,,-0.996,0.068,<0.001,,-1.175,0.07,<0.001,,-1.065,0.066,<0.001,,-2.764,0.07,<0.001,,1.132,0.127,<0.001
Drugs possession/small scale supply,,-1.036,0.039,<0.001,,-0.405,0.044,<0.001,,-0.849,0.038,<0.001,,-1.705,0.046,<0.001,,0.408,0.08,<0.001
Other,,0.58,0.034,<0.001,,0.752,0.041,<0.001,,0.617,0.032,<0.001,,0.274,0.056,<0.001,,-0.275,0.07,<0.001
Tier 1 Severity,,reference category,,,,reference category,,,,reference category,,,,reference category,,,,reference category,,
Tier 2 Severity,,-0.388,0.115,<0.01,,0.361,0.136,<0.01,,0.296,0.102,<0.01,,0.604,0.171,<0.001,,-1.013,0.241,<0.001
Tier 3 Severity,,-0.94,0.064,<0.001,,0.587,0.056,<0.001,,-0.062,0.046,0.174,,2.431,0.055,<0.001,,-1.798,0.106,<0.001
Age,,-0.017,0.005,<0.001,,-0.019,0.005,<0.01,,-0.025,0.004,<0.001,,-0.067,0.007,<0.001,,0.003,0.01,0.779
Constant,,0.311,0.099,<0.01,,-0.286,0.104,<0.01,,-0.958,0.083,<0.001,,-1.7,0.131,<0.001,,0.611,0.179,<0.001

"Table C2: Logistic regression model output showing the statistically significant offender and offence characteristics that affect offenders receiving a sentencing outcome other than immediate custody, for 2010; England and Wales",,,,,,,,,,,,,,,,,,,,

,,Suspended Sentence Orders (1) compared with Community Orders (0),,,,Conditional Discharges (1) compared with Community Orders (0),,,,Community Orders (1) compared with Fines (0),,,,Conditional Discharges (1) compared with Fines (0),,,,,,
Offender Characteristics,,Coefficient,SE,P-Value,,Coefficient,SE,P-Value,,Coefficient,SE,P-Value,,Coefficient,SE,P-Value,,,,

Ethnicity,,,,,,,,,,,,,,,,,,,,
White ,,reference category,,,,reference category,,,,reference category,,,,reference category,,,,,,
Black,,0.19,0.021,<0.001,,0.018,0.02,0.365,,-0.141,0.016,<0.001,,-0.093,0.019,<0.001,,,,
Asian,,0.243,0.026,<0.001,,-0.176,0.028,<0.001,,-0.073,0.02,<0.001,,-0.223,0.027,<0.001
Other  ,,0.213,0.06,<0.001,,0.323,0.054,<0.001,,-0.201,0.045,<0.001,,0.122,0.051,<0.05
Unknown,,-0.029,0.046,0.529,,0.153,0.039,<0.001,,-0.557,0.031,<0.001,,-0.378,0.034,<0.001
Gender,,,,,,,,,,,,,,,,
Male,,reference category,,,,reference category,,,,reference category,,,,reference category,,
Female,,-0.079,0.017,<0.001,,0.419,0.014,<0.001,,0.207,0.013,<0.001,,0.651,0.014,<0.001
Criminal History,,,,,,,,,,,,,,,,
Number of previous offences,,-0.074,0.071,0.298,,0.058,0.058,0.317,,-0.157,0.05,<0.01,,-0.113,0.05,<0.05
Number of previous Tier 1 offences,,0.115,0.072,0.109,,0.02,0.06,0.744,,0.104,0.052,<0.05,,0.164,0.052,<0.01
Number of previous Tier 2 offences,,0.056,0.071,0.426,,-0.019,0.058,0.744,,0.155,0.05,<0.01,,0.157,0.05,<0.01
Number of previous Tier 3 offences,,0.076,0.071,0.284,,-0.059,0.058,0.304,,0.168,0.05,<0.001,,0.124,0.05,<0.05
Copas Rate,,0.007,0.02,0.704,,-0.266,0.017,<0.001,,0.04,0.015,<0.01,,-0.465,0.016,<0.001
Age at first offence,,0.004,0.004,0.29,,0.016,0.003,<0.001,,-0.011,0.003,<0.001,,0.008,0.003,<0.01
Number of previous custodial sentences,,0.057,0.005,<0.001,,-0.035,0.004,<0.001,,0.033,0.003,<0.001,,0.001,0.003,0.725
Number of previous court orders,,0.07,0.006,<0.001,,-0.098,0.005,<0.001,,0.133,0.005,<0.001,,0.064,0.005,<0.001
Number of previous convictions,,-0.015,0.002,<0.001,,0.041,0.003,<0.001,,-0.064,0.002,<0.001,,-0.015,0.002,<0.001
Number of previous cautions,,-0.078,0.012,<0.001,,0.088,0.011,<0.001,,-0.023,0.008,<0.01,,0.075,0.008,<0.001
Index Offence,,,,,,,,,,,,,,,,
Violence,,reference category,,,,reference category,,,,reference category,,,,reference category,,
Robbery,,0.841,0.129,<0.001,,-1.867,0.47,<0.001,,2.251,0.716,<0.01,,0.175,0.873,0.842
Public order or riot,,-0.047,0.024,<0.05,,1.672,0.019,<0.001,,-2.202,0.017,<0.001,,-0.479,0.018,<0.001
Sexual,,-1.091,0.07,<0.001,,-0.219,0.082,<0.01,,-0.414,0.066,<0.001,,-0.543,0.091,<0.001
Sexual (Child),,-0.108,0.062,0.083,,-2.343,0.166,<0.001,,3.309,0.28,<0.001,,1.005,0.325,<0.01
Sexual (Soliciting or Prostitution),,0.876,0.242,<0.001,,2.878,0.188,<0.001,,-3.626,0.179,<0.001,,-0.758,0.084,<0.001
Domestic burglary,,-0.108,0.105,0.304,,-0.899,0.168,<0.001,,1.117,0.185,<0.001,,0.194,0.244,0.425
Other burglary,,-0.366,0.037,<0.001,,-0.708,0.054,<0.001,,0.725,0.048,<0.001,,-0.008,0.067,0.902
Theft,,-0.721,0.02,<0.001,,0.97,0.016,<0.001,,-0.708,0.016,<0.001,,0.307,0.018,<0.001
Handling,,-0.318,0.045,<0.001,,0.1,0.047,<0.05,,-0.214,0.042,<0.001,,-0.117,0.055,<0.05
Fraud and forgery,,0.197,0.028,<0.001,,0.002,0.03,0.939,,-0.259,0.028,<0.001,,-0.221,0.034,<0.001
Absconding or bail offences,,-0.924,0.058,<0.001,,0.732,0.038,<0.001,,-2.289,0.028,<0.001,,-1.481,0.034,<0.001
Taking and driving away and related offences,,-1.051,0.083,<0.001,,-0.676,0.089,<0.001,,-0.017,0.06,0.783,,-0.794,0.1,<0.001
Theft from vehicles,,-1.424,0.117,<0.001,,0.851,0.148,<0.001,,-1.39,0.13,<0.001,,-0.535,0.186,<0.01
Other motoring offences,,0.111,0.026,<0.001,,-0.932,0.043,<0.001,,-1.946,0.02,<0.001,,-3.045,0.042,<0.001,,,,
Drink driving offences,,-0.645,0.028,<0.001,,-2.358,0.058,<0.001,,-2.624,0.017,<0.001,,-5.023,0.057,<0.001,,,,
Criminal or malicious damage,,-1.264,0.04,<0.001,,1.623,0.02,<0.001,,-1.076,0.021,<0.001,,0.592,0.022,<0.001,,,,
Drugs import/export/ production/supply,,0.348,0.034,<0.001,,-0.737,0.056,<0.001,,-0.266,0.037,<0.001,,-0.941,0.061,<0.001,,,,
Drugs possession/small scale supply,,-0.325,0.027,<0.001,,1.244,0.021,<0.001,,-2.221,0.018,<0.001,,-0.913,0.02,<0.001,,,,
Other,,-0.11,0.034,<0.01,,0.799,0.028,<0.001,,-2.042,0.023,<0.001,,-1.118,0.025,<0.001,,,,
Tier 1 Severity,,reference category,,,,reference category,,,,reference category,,,,reference category,,,,,,
Tier 2 Severity,,-0.897,0.108,<0.001,,0.709,0.181,<0.001,,-0.218,0.165,0.186,,0.565,0.238,<0.05,,,,
Tier 3 Severity,,-1.683,0.043,<0.001,,1.378,0.12,<0.001,,-1.723,0.118,<0.001,,-0.284,0.166,0.086,,,,
Age,,0.01,0.004,<0.05,,-0.035,0.004,<0.001,,0.052,0.003,<0.001,,-0.005,0.003,0.149,,,,
Constant,,0.512,0.078,<0.001,,-2.949,0.132,<0.001,,2.13,0.127,<0.001,,-0.92,0.175,<0.001,,,,

"Table C3: Logistic regression model output showing the statistically significant offender and offence characteristics that affect offenders receiving a custodial sentencing outcome, for 2009; England and Wales",,,,,,,,,,,,,,,,,,,,

,,Immediate Custody <12 months (1) compared with Community Orders (0),,,,Immediate Custody <12 months (1) compared with Suspended Sentence Orders (0),,,,Immediate Custody <12 months (1) compared with Court Orders (0),,,,Immediate Custody 1 to 4 years (1) compared with Immediate Custody <12 months (0),,,,Immediate Custody more than 6 to less than 12 months (1) compared with Immediate Custody less than or equal to 6 months (0),,
Offender Characteristics,,Coefficient,SE,P-Value,,Coefficient,SE,P-Value,,Coefficient,SE,P-Value,,Coefficient,SE,P-Value,,Coefficient,SE,P-Value

Ethnicity,,,,,,,,,,,,,,,,,,,,
White ,,reference category,,,,reference category,,,,reference category,,,,reference category,,,,reference category,,
Black,,0.403,0.022,<0.001,,0.175,0.026,<0.001,,0.322,0.021,<0.001,,0.015,0.034,0.666,,-0.101,0.047,<0.05
Asian,,0.393,0.029,<0.001,,0.117,0.034,0.001,,0.302,0.027,<0.001,,0.002,0.047,0.974,,-0.114,0.062,0.067
Other  ,,1.072,0.056,<0.001,,0.881,0.07,<0.001,,0.994,0.052,<0.001,,0.734,0.105,<0.001,,-0.567,0.12,<0.001
Unknown,,0.101,0.059,0.08,,0.06,0.07,<0.01,,0.067,0.057,0.235,,-0.128,0.096,0.185,,0.075,0.124,0.547
Gender,,,,,,,,,,,,,,,,,,,,
Male,,reference category,,,,reference category,,,,reference category,,,,reference category,,,,reference category,,
Female,,-0.356,0.02,<0.001,,-0.369,0.025,<0.001,,-0.363,0.019,<0.001,,0.252,0.04,<0.001,,-0.182,0.049,<0.001
Criminal History,,,,,,,,,,,,,,,,,,,,
Number of previous offences,,-0.001,0.001,0.133,,-0.004,0.001,<0.001,,-0.006,0.001,<0.001,,-0.019,0.002,<0.001,,0.008,0.002,<0.001
Number of previous Tier 1 offences,,-,-,-,,-,-,-,,-,-,-,,-,-,-,,0.131,0.05,<0.01
Number of previous Tier 2 offences,,-,-,-,,-,-,-,,-0.034,0.003,<0.001,,-,-,-,,0.017,0.007,<0.05
Copas Rate,,1.174,0.021,<0.001,,0.942,0.025,<0.001,,0.966,0.017,<0.001,,0.49,0.035,<0.001,,-0.543,0.044,<0.001
Age at first offence,,0.053,0.004,<0.001,,0.054,0.005,<0.001,,0.052,0.004,<0.001,,0.143,0.007,<0.001,,-0.046,0.009,<0.001
Number of previous custodial sentences,,0.139,0.004,<0.001,,0.082,0.005,<0.001,,0.105,0.003,<0.001,,-0.025,0.006,<0.001,,-0.005,0.008,0.576
Number of previous court orders,,0.034,0.006,<0.001,,-0.019,0.007,<0.01,,0.009,0.005,0.119,,-0.022,0.01,<0.05,,0.076,0.013,<0.001
Number of previous convictions,,-0.045,0.003,<0.001,,-0.014,0.003,<0.001,,-,-,-,,0.06,0.005,<0.001,,-0.018,0.006,<0.01
Number of previous cautions,,-0.166,0.013,<0.001,,-0.048,0.015,<0.01,,-0.099,0.012,<0.001,,0.094,0.017,<0.001,,0.028,0.019,0.131
Index Offence,,,,,,,,,,,,,,,,,,,,
Violence,,reference category,,,,reference category,,,,reference category,,,,reference category,,,,reference category,,
Robbery,,0.965,0.136,<0.001,,-0.058,0.14,0.679,,0.342,0.118,<0.01,,-1.321,0.18,<0.001,,1.504,0.254,<0.001
Public order or riot,,-0.219,0.028,<0.001,,-0.038,0.033,0.243,,-0.17,0.027,<0.001,,-0.214,0.044,<0.001,,0.421,0.056,<0.001
Sexual,,0.101,0.068,0.135,,0.94,0.084,<0.001,,0.454,0.063,<0.001,,0.228,0.089,<0.05,,-0.58,0.144,<0.001
Sexual (Child),,0.936,0.081,<0.001,,0.885,0.088,<0.001,,0.89,0.075,<0.001,,-1.409,0.083,<0.001,,0.985,0.141,<0.001
Sexual (Soliciting or Prostitution),,1.359,0.23,<0.001,,1.206,0.269,<0.001,,1.249,0.202,<0.001,,-0.013,0.298,0.966,,-0.096,0.385,0.804
Domestic burglary,,-0.027,0.096,0.781,,-0.084,0.116,0.471,,-0.096,0.091,0.287,,-0.157,0.168,0.351,,0.48,0.209,<0.05
Other burglary,,-0.282,0.036,<0.001,,0.044,0.044,0.317,,-0.161,0.034,<0.001,,-0.514,0.049,<0.001,,0.4,0.067,<0.001
Theft,,-0.349,0.019,<0.001,,0.537,0.024,<0.001,,-0.127,0.018,<0.001,,0.908,0.037,<0.001,,-0.352,0.042,<0.001
Handling,,-0.545,0.049,<0.001,,-0.064,0.059,0.28,,-0.378,0.047,<0.001,,-0.351,0.071,<0.001,,0.522,0.092,<0.001
Fraud and forgery,,0.482,0.034,<0.001,,0.442,0.039,<0.001,,0.421,0.032,<0.001,,-0.077,0.053,0.145,,0.669,0.064,<0.001
Absconding or bail offences,,0.184,0.039,<0.001,,1.24,0.06,<0.001,,0.414,0.037,<0.001,,0.905,0.083,<0.001,,-0.903,0.106,<0.001
Taking and driving away and related offences,,-0.308,0.065,<0.001,,0.257,0.086,<0.01,,-0.118,0.063,0.059,,1.516,0.159,<0.001,,-0.613,0.168,<0.001
Theft from vehicles,,-0.623,0.099,<0.001,,0.523,0.127,<0.001,,-0.242,0.095,<0.05,,2.726,0.189,<0.001,,-0.561,0.221,<0.05
Other motoring offences,,0.271,0.026,<0.001,,0.184,0.03,<0.001,,0.265,0.024,<0.001,,0.634,0.046,<0.001,,-0.226,0.055,<0.001
Drink driving offences,,-0.548,0.033,<0.001,,0.009,0.039,0.829,,-0.405,0.032,<0.001,,2.331,0.142,<0.001,,-1.417,0.125,<0.001
Criminal or malicious damage,,-0.932,0.036,<0.001,,0.462,0.051,<0.001,,-0.642,0.035,<0.001,,-0.06,0.063,0.339,,-0.889,0.113,<0.001
Drugs import/export/ production/supply,,-1.011,0.073,<0.001,,-1.123,0.075,<0.001,,-1.061,0.07,<0.001,,-2.821,0.074,<0.001,,0.933,0.138,<0.001
Drugs possession/small scale supply,,-1.197,0.038,<0.001,,-0.406,0.044,<0.001,,-0.973,0.037,<0.001,,-1.777,0.044,<0.001,,0.234,0.083,<0.01
Other,,0.62,0.033,<0.001,,0.763,0.04,<0.001,,0.65,0.03,<0.001,,0.519,0.058,<0.001,,-0.283,0.068,<0.001
Tier 1 Severity,,reference category,,,,reference category,,,,reference category,,,,reference category,,,,reference category,,
Tier 2 Severity,,-0.574,0.107,<0.001,,0.338,0.121,<0.01,,0.002,0.098,0.981,,0.448,0.171,0.009,,-1.065,0.222,<0.001
Tier 3 Severity,,-0.809,0.066,<0.001,,0.622,0.059,<0.001,,-0.085,0.056,0.126,,2.664,0.054,<0.001,,-1.832,0.105,<0.001
Age,,-0.015,0.004,<0.01,,-0.029,0.005,<0.001,,-0.025,0.004,<0.001,,-0.084,0.007,<0.001,,0.003,0.01,0.784
Constant,,0.489,0.098,<0.001,,-0.13,0.103,0.21,,-0.726,0.087,<0.001,,1.651,0.13,<0.001,,0.398,0.183,<0.05

"Table C4: Logistic regression model output showing the statistically significant offender and offence characteristics that affect offenders receiving a sentencing outcome other than immediate custody, for 2009; England and Wales",,,,,,,,,,,,,,,,,,,,

,,Suspended Sentence Orders (1) compared with Community Orders (0),,,,Conditional Discharges (1) compared with Community Orders (0),,,,Community Orders (1) compared with Fines (0),,,,Conditional Discharges (1) compared with Fines (0),,
Offender Characteristics,,Coefficient,SE,P-Value,,Coefficient,SE,P-Value,,Coefficient,SE,P-Value,,Coefficient,SE,P-Value

Ethnicity,,,,,,,,,,,,,,,,
White ,,reference category,,,,reference category,,,,reference category,,,,reference category,,
Black,,0.239,0.021,<0.001,,0.004,0.021,0.845,,-0.214,0.016,<0.001,,-0.15,0.02,<0.001
Asian,,0.246,0.026,<0.001,,-0.193,0.028,<0.001,,-0.131,0.02,<0.001,,-0.242,0.027,<0.001
Other  ,,0.19,0.063,<0.01,,0.32,0.055,<0.001,,-0.301,0.045,<0.001,,0.156,0.052,<0.01
Unknown,,-0.083,0.048,0.083,,0.206,0.039,<0.001,,-0.608,0.031,<0.001,,-0.395,0.035,<0.001
Gender,,,,,,,,,,,,,,,,
Male,,reference category,,,,reference category,,,,reference category,,,,reference category,,
Female,,-0.03,0.017,0.083,,0.373,0.014,<0.001,,0.207,0.013,<0.001,,0.625,0.014,<0.001
Criminal History,,,,,,,,,,,,,,,,
Number of previous offences,,0.002,0.001,0.067,,-0.005,0.001,<0.001,,0.011,0.001,<0.001,,0.076,0.017,<0.001
Number of previous Tier 2 offences,,-,-,-,,-,-,-,,-,-,-,,-0.03,0.017,0.076
Number of previous Tier 3 offences,,-,-,-,,-,-,-,,-,-,-,,-0.067,0.016,<0.001
Copas Rate,,0.07,0.02,<0.01,,-0.375,0.018,<0.001,,0.183,0.014,<0.001,,-0.448,0.017,<0.001
Age at first offence,,-0.001,0.004,0.699,,0.015,0.003,<0.001,,-0.011,0.003,<0.001,,0.006,0.003,0.039
Number of previous custodial sentences,,0.048,0.005,<0.001,,0.002,0.004,0.699,,0.014,0.003,<0.001,,0.013,0.004,0.002
Number of previous court orders,,0.082,0.007,<0.001,,-0.057,0.005,<0.001,,0.106,0.004,<0.001,,0.081,0.005,<0.001
Number of previous convictions,,-0.02,0.003,<0.001,,0.048,0.003,<0.001,,-0.07,0.002,<0.001,,-0.022,0.002,<0.001
Number of previous cautions,,-0.129,0.013,<0.001,,0.136,0.012,<0.001,,-0.055,0.009,<0.001,,0.097,0.011,<0.001
Index Offence,,,,,,,,,,,,,,,,
Violence,,reference category,,,,reference category,,,,reference category,,,,reference category,,
Robbery,,1.109,0.122,<0.001,,-2.136,0.522,<0.001,,2.356,0.716,0.001,,0.026,0.897,0.977
Public order or riot,,-0.104,0.024,<0.001,,1.742,0.019,<0.001,,-2.295,0.017,<0.001,,-0.481,0.018,<0.001
Sexual,,-1.271,0.077,<0.001,,-0.164,0.088,0.065,,-0.374,0.069,<0.001,,-0.455,0.096,<0.001
Sexual (Child),,0.023,0.069,0.735,,-2.286,0.192,<0.001,,3.193,0.292,<0.001,,0.947,0.348,0.006
Sexual (Soliciting or Prostitution),,0.356,0.271,0.189,,3.025,0.18,<0.001,,-3.885,0.17,<0.001,,-0.846,0.078,<0.001
Domestic burglary,,0.113,0.094,0.232,,-1.119,0.173,<0.001,,1.594,0.209,<0.001,,0.401,0.265,0.131
Other burglary,,-0.372,0.037,<0.001,,-0.556,0.053,<0.001,,0.887,0.052,<0.001,,0.319,0.069,<0.001
Theft,,-0.757,0.02,<0.001,,0.987,0.017,<0.001,,-0.644,0.016,<0.001,,0.411,0.019,<0.001
Handling,,-0.453,0.046,<0.001,,0.137,0.048,<0.01,,-0.111,0.043,<0.05,,0.037,0.056,0.514
Fraud and forgery,,0.221,0.028,<0.001,,0.228,0.03,<0.001,,-0.216,0.029,<0.001,,0.04,0.034,0.24
Absconding or bail offences,,-0.973,0.055,<0.001,,0.629,0.038,<0.001,,-2.198,0.026,<0.001,,-1.494,0.035,<0.001
Taking and driving away and related offences,,-0.745,0.072,<0.001,,-0.727,0.092,<0.001,,0.139,0.061,<0.05,,-0.678,0.103,<0.001
Theft from vehicles,,-1.184,0.106,<0.001,,0.793,0.143,<0.001,,-1.141,0.123,<0.001,,-0.38,0.178,0.033
Other motoring offences,,0.073,0.024,<0.01,,-0.852,0.04,<0.001,,-1.79,0.018,<0.001,,-2.809,0.04,<0.001
Drink driving offences,,-0.72,0.027,<0.001,,-2.286,0.054,<0.001,,-2.516,0.016,<0.001,,-4.85,0.053,<0.001
Criminal or malicious damage,,-1.352,0.04,<0.001,,1.603,0.02,<0.001,,-1.067,0.02,<0.001,,0.596,0.022,<0.001
Drugs import/export/ production/supply,,0.308,0.039,<0.001,,-0.784,0.07,<0.001,,-0.267,0.042,<0.001,,-1.013,0.074,<0.001
Drugs possession/small scale supply,,-0.487,0.028,<0.001,,1.135,0.022,<0.001,,-2.104,0.018,<0.001,,-0.902,0.021,<0.001
Other,,-0.038,0.034,0.267,,0.847,0.029,<0.001,,-1.975,0.023,<0.001,,-1.018,0.026,<0.001
Tier 1 Severity,,reference category,,,,reference category,,,,reference category,,,,reference category,,
Tier 2 Severity,,-1.232,0.099,<0.001,,0.916,0.191,<0.001,,-0.386,0.167,<0.05,,0.566,0.244,0.02
Tier 3 Severity,,-1.722,0.048,<0.001,,1.434,0.139,<0.001,,-1.733,0.128,<0.001,,-0.283,0.182,0.121
Age,,0.011,0.004,<0.01,,-0.035,0.004,<0.001,,0.054,0.003,<0.001,,0.002,0.003,0.628
Constant,,0.67,0.083,<0.001,,-3.318,0.151,<0.001,,2.383,0.136,<0.001,,-1.072,0.191,<0.001


"Table D1: Post-matching standardised differences for offenders who received an immediate custodial sentence of less than 12 months matched to offenders receiving a community order in England and Wales, for 2009 and 2010",,,,,,,,,,,,,,,,


,,2009,,,,2010,,,,,,,,,,
,,Immediate Custody (less than 12 months),Community Orders,Standardised Difference,,Immediate Custody (less than 12 months),Community Orders,Standardised Difference,,,,,,,,

Number of matched offenders,,"42,352","42,352",,,"33,463","33,463",,,,,,,,,

Ethnicity,,,,,,,,,,,,,,,,
White,,82.90%,82.80%,0.10%,,82.80%,82.20%,1.80%,,,,,,,,
Black,,9.50%,9.70%,0.40%,,9.50%,10.00%,1.60%,,,,,,,,
Asian,,5.00%,4.90%,0.60%,,5.00%,5.20%,0.90%,,,,,,,,
Other,,1.60%,1.70%,0.80%,,1.70%,1.80%,0.10%,,,,,,,,
Unknown,,1.00%,0.90%,0.80%,,0.90%,0.90%,0.10%

Gender,,,,,,,,
Female,,10.30%,10.20%,0.20%,,10.70%,10.40%,0.90%

Index Offence,,,,,,,,
Mean age at Index Offence,,31.2,31.2,0.10%,,31.5,31.5,0.20%
Violence,,25.00%,23.90%,2.60%,,25.20%,23.70%,3.30%
Robbery,,0.50%,0.50%,1.00%,,0.50%,0.50%,0.20%
Public Order,,5.20%,5.10%,0.20%,,5.10%,5.10%,0.10%
Sexual,,1.10%,1.20%,0.90%,,1.10%,1.20%,0.80%
Sexual (Child),,0.60%,0.80%,2.40%,,0.60%,0.70%,2.30%
Sexual (Soliciting or Prostitution),,0.10%,0.10%,0.60%,,0.10%,0.10%,0.40%
Domestic Burglary,,2.10%,2.30%,1.60%,,2.20%,2.60%,2.30%
Other Burglary,,3.60%,3.80%,0.80%,,3.80%,4.10%,1.40%
Theft,,27.00%,28.30%,3.00%,,28.80%,29.40%,1.50%
Handling,,1.60%,1.80%,1.60%,,1.60%,1.60%,0.30%
Fraud and Forgery,,3.80%,4.40%,3.10%,,4.20%,4.90%,3.40%
Absconding or bail offences,,3.10%,3.20%,0.60%,,2.70%,2.70%,0.20%
Taking and driving away and related offences,,2.00%,1.90%,1.10%,,1.80%,1.60%,1.20%
Theft from vehicles,,1.60%,1.60%,0.40%,,1.50%,1.60%,0.80%
Other motoring offences,,8.00%,7.70%,1.00%,,6.30%,6.20%,0.20%
Drink driving offences,,3.10%,2.90%,1.10%,,2.60%,2.50%,1.00%
Criminal or malicious damage,,2.70%,2.40%,1.60%,,2.60%,2.50%,0.70%
"Drugs (import, export, production, supply)",,0.60%,0.60%,0.70%,,0.70%,0.80%,0.40%
Drugs (possession and small scale supply),,2.30%,2.30%,0.00%,,2.50%,2.70%,1.50%
Other,,6.20%,5.30%,3.70%,,6.20%,5.40%,3.00%
Tier 2 Severity,,5.30%,5.60%,1.00%,,5.40%,5.80%,1.70%
Tier 3 Severity,,93.50%,93.10%,1.70%,,93.30%,92.60%,2.70%

Criminal History¹,,,,,,,,
Mean Copas Rate,,-0.5,-0.5,0.80%,,-0.5,-0.5,0.70%
Mean previous offences,,41,41.1,0.30%,,41.3,41.2,0.30%
Mean previous Tier 1 offences,,N/A,N/A,N/A,,0.2,0.2,0.30%
Mean previous Tier 2 offences,,N/A,N/A,N/A,,2.3,2.4,2.40%
Mean previous Tier 3 offences,,N/A,N/A,N/A,,38.8,38.6,0.60%
Mean previous convictions,,16.8,16.6,0.80%,,17.4,17.2,1.20%
Mean previous cautions,,1.2,1.2,2.00%,,1.3,1.2,1.70%
Mean previous court orders,,4.5,4.6,3.80%,,4.7,4.9,4.00%
Mean previous custodial sentences,,5.6,5.5,1.70%,,5.9,5.6,2.90%
Mean age at first offence,,18.4,18.2,2.70%,,18.6,18.4,2.00%
Notes:,,,,,,,,
¹All excluding Penalty Notices for Disorder. All prior to Index Offence,,,,,,,,
Green - the two groups were well matched on this variable (5% or less),,,,,,,,
Amber - the two groups were reasonably matched on this variable (5%-10%),,,,,,,,
Red - the two groups were poorly matched on this variable (10%+),,,,,,,,

"Table D2: Post-matching standardised differences for offenders who received an immediate custodial sentence of less than 12 months matched to  offenders receiving a suspended sentence order in England and Wales, for 2009 and 2010",,,,,,,,


,,2009,,,,2010,,
,,Immediate Custody (less than 12 months),Suspended Sentence Orders,Standardised Difference,,Immediate Custody (less than 12 months),Suspended Sentence Orders,Standardised Difference

Number of matched offenders,,"42,288","42,288",,,"36,358","36,358",

Ethnicity,,,,,,,,
White,,82.90%,81.80%,2.70%,,82.80%,82.10%,1.80%
Black,,9.50%,10.40%,2.80%,,9.50%,10.30%,2.40%
Asian,,5.00%,5.10%,0.70%,,5.00%,5.00%,0.10%
Other,,1.60%,1.80%,1.20%,,1.70%,1.70%,0.10%
Unknown,,1.00%,0.90%,0.80%,,0.10%,0.10%,0.30%

Gender,,,,,,,,
Female,,10.30%,10.00%,1.00%,,10.70%,10.70%,0.10%

Index Offence,,,,,,,,
Mean age at Index Offence,,31.2,31,1.60%,,31.5,31.3,1.60%
Violence,,25.00%,24.70%,0.80%,,25.20%,24.20%,2.30%
Robbery,,0.50%,0.50%,0.00%,,0.50%,0.50%,0.90%
Public Order,,5.20%,5.00%,0.70%,,5.10%,4.90%,0.90%
Sexual,,1.10%,1.00%,0.70%,,1.10%,1.00%,0.60%
Sexual (Child),,0.60%,0.70%,1.50%,,0.60%,0.60%,0.70%
Sexual (Soliciting or Prostitution),,0.10%,0.10%,0.30%,,0.10%,0.10%,0.70%
Domestic Burglary,,2.10%,2.10%,0.20%,,2.20%,2.40%,0.80%
Other Burglary,,3.60%,3.80%,0.80%,,3.80%,4.20%,2.10%
Theft,,27.00%,27.60%,1.40%,,28.80%,29.70%,2.10%
Handling,,1.60%,1.80%,1.30%,,1.60%,1.70%,0.80%
Fraud and Forgery,,3.90%,4.30%,2.20%,,4.30%,4.90%,3.00%
Absconding or bail offences,,3.10%,3.20%,0.80%,,2.70%,2.80%,0.60%
Taking and driving away and related offences,,2.00%,2.10%,0.40%,,1.80%,1.70%,0.20%
Theft from vehicles,,1.60%,1.70%,0.70%,,1.50%,1.70%,1.00%
Other motoring offences,,8.00%,7.90%,0.30%,,6.30%,6.50%,1.10%
Drink driving offences,,3.10%,3.00%,0.70%,,2.60%,2.50%,0.80%
Criminal or malicious damage,,2.70%,2.50%,1.10%,,2.60%,2.40%,1.40%
"Drugs (import, export, production, supply)",,0.60%,0.70%,1.40%,,0.70%,0.80%,1.00%
Drugs (possession and small scale supply),,2.30%,2.10%,1.00%,,2.50%,2.30%,1.10%
Other,,6.10%,5.30%,3.20%,,6.10%,5.00%,4.50%
Tier 2 Severity,,5.30%,5.40%,0.30%,,5.40%,5.70%,1.30%
Tier 3 Severity,,93.50%,93.40%,0.50%,,93.30%,92.90%,1.70%

Criminal History¹,,,,,,,,
Mean Copas Rate,,-0.5,-0.5,0.40%,,-0.5,-0.5,1.50%
Mean previous offences,,40.6,40.9,0.70%,,41.1,41.6,1.20%
Mean previous Tier 1 offences,,N/A,N/A,N/A,,0.2,0.2,1.20%
Mean previous Tier 2 offences,,N/A,N/A,N/A,,2.3,2.4,2.20%
Mean previous Tier 3 offences,,N/A,N/A,N/A,,38.6,39,1.00%
Mean previous convictions,,16.5,16.3,1.00%,,17.2,17.2,0.10%
Mean previous cautions,,1.2,1.2,2.20%,,1.3,1.3,0.00%
Mean previous court orders,,4.5,4.6,3.20%,,4.7,4.9,5.10%
Mean previous custodial sentences,,5.5,5.5,0.70%,,5.9,5.8,0.90%
Mean age at first offence,,18.4,18.2,2.80%,,18.6,18.3,3.30%
Notes:,,,,,,,,
¹All excluding Penalty Notices for Disorder. All prior to Index Offence,,,,,,,,
Green - the two groups were well matched on this variable (5% or less),,,,,,,,
Amber - the two groups were reasonably matched on this variable (5%-10%),,,,,,,,
Red - the two groups were poorly matched on this variable (10%+),,,,,,,,

Table D3: Post-matching standardised differences for offenders who received an immediate custodial sentence less than 12 months matched to offenders receiving a court order for 2009 and 2010.,,,,,,,,


,,2009,,,,2010,,
,,Immediate Custody (less than 12 months),Court Orders,Standardised Difference,,Immediate Custody (less than 12 months),Court Orders,Standardised Difference

Number of matched offenders,,42346,42346,,,36596,36596,

Ethnicity,,,,,,,,
White,,82.90%,82.80%,0.20%,,82.90%,82.70%,0.30%
Black,,9.50%,9.60%,0.30%,,9.50%,9.80%,1.00%
Asian,,5.00%,5.00%,0.00%,,5.00%,5.00%,0.20%
Other,,1.60%,1.70%,0.60%,,1.70%,1.70%,0.40%
Unknown,,1.00%,0.90%,1.00%,,0.90%,0.70%,1.80%

Gender,,,,,,,,
Female,,10.30%,9.70%,1.90%,,10.70%,10.60%,0.20%

Index Offence,,,,,,,,
Mean age at Index Offence,,31.2,31.1,1.10%,,31.5,31.4,0.80%
Violence,,25.00%,24.20%,1.80%,,25.50%,24.80%,1.60%
Robbery,,0.50%,0.50%,0.40%,,0.50%,0.50%,0.70%
Public Order,,5.20%,5.00%,0.80%,,5.20%,5.00%,0.70%
Sexual,,1.10%,1.10%,0.20%,,1.10%,1.00%,0.60%
Sexual (Child),,0.60%,0.60%,0.40%,,0.60%,0.60%,0.50%
Sexual (Soliciting or Prostitution),,0.10%,0.10%,0.70%,,0.10%,0.10%,0.90%
Domestic Burglary,,2.10%,2.20%,1.10%,,2.20%,2.50%,1.80%
Other Burglary,,3.60%,3.80%,0.90%,,3.80%,4.10%,1.40%
Theft,,27.00%,27.70%,1.60%,,28.60%,29.50%,2.00%
Handling,,1.60%,1.70%,0.90%,,1.60%,1.60%,0.30%
Fraud and Forgery,,3.80%,4.00%,1.00%,,4.20%,4.60%,1.90%
Absconding or bail offences,,3.10%,3.30%,1.10%,,2.70%,2.90%,1.10%
Taking and driving away and related offences,,2.00%,2.00%,0.30%,,1.80%,1.70%,0.60%
Theft from vehicles,,1.60%,1.60%,0.30%,,1.60%,1.40%,0.80%
Other motoring offences,,8.00%,8.30%,1.40%,,6.30%,6.30%,0.10%
Drink driving offences,,3.10%,2.80%,1.80%,,2.60%,2.50%,0.90%
Criminal or malicious damage,,2.70%,2.50%,1.10%,,2.60%,2.40%,1.00%
"Drugs (import, export, production, supply)",,0.60%,0.60%,1.00%,,0.70%,0.80%,1.10%
Drugs (possession and small scale supply),,2.30%,2.20%,0.20%,,2.40%,2.40%,0.40%
Other,,6.10%,5.70%,1.90%,,6.10%,5.40%,3.10%
Tier 2 Severity,,5.30%,5.50%,0.60%,,5.30%,5.50%,0.80%
Tier 3 Severity,,93.50%,93.40%,0.60%,,92.70%,92.60%,0.60%

Criminal History¹,,,,,,,,
Mean Copas Rate,,-0.5,-0.5,1.70%,,-0.5,-0.5,1.90%
Mean previous offences,,40.9,40.8,0.20%,,41.4,41.5,0.20%
Mean previous Tier 1 offences,,N/A,,,,N/A,,
Mean previous Tier 2 offences,,2.3,2.4,1.20%,,2.3,2.4,2.60%
Mean previous Tier 3 offences,,N/A,,,,N/A,,
Mean previous convictions,,N/A,,,,N/A,,
Mean previous cautions,,1.2,1.2,0.50%,,1.3,1.3,0.00%
Mean previous court orders,,4.5,4.6,4.10%,,4.7,4.9,3.80%
Mean previous custodial sentences,,5.6,5.4,2.20%,,5.9,5.8,1.50%
Mean age at first offence,,18.4,18.2,3.20%,,18.6,18.4,2.60%
Notes:,,,,,,,,
¹All excluding Penalty Notices for Disorder. All prior to Index Offence,,,,,,,,
Green - the two groups were well matched on this variable (5% or less),,,,,,,,
Amber - the two groups were reasonably matched on this variable (5%-10%),,,,,,,,
Red - the two groups were poorly matched on this variable (10%+),,,,,,,,


"Table D4: Post-matching standardised differences for offenders who received an immediate custodial sentence less than 12 months matched to offenders receiving an immediate custodial sentence of 1 to 4 years in England and Wales, for 2009 and 2010",,,,,,,,


,,2009,,,,2010,,
,,Immediate Custody (less than 12 months),Immediate Custody (1 to 4 years),Standardised Difference,,Immediate Custody (less than 12 months),Immediate Custody (1 to 4 years),Standardised Difference

Number of matched offenders,,"42,352","42,352",,,"36,396","36,396",

Ethnicity,,,,,,,,
White,,82.90%,83.40%,1.50%,,82.80%,83.50%,1.70%
Black,,9.50%,9.10%,1.50%,,9.50%,9.20%,1.10%
Asian,,5.00%,4.90%,0.30%,,5.00%,5.00%,0.00%
Other,,1.60%,1.50%,0.80%,,1.70%,1.50%,1.90%
Unknown,,1.00%,1.00%,0.40%,,0.90%,0.80%,0.80%

Gender,,,,,,,,
Female,,10.30%,9.80%,1.60%,,10.70%,11.00%,1.10%

Index Offence,,,,,,,,
Mean age at Index Offence,,31.2,31.1,0.70%,,31.5,31.5,0.00%
Violence,,25.00%,24.60%,0.80%,,25.20%,24.60%,1.30%
Robbery,,0.50%,0.50%,0.70%,,0.50%,0.60%,2.40%
Public Order,,5.20%,5.30%,0.60%,,5.10%,5.00%,0.20%
Sexual,,1.10%,1.30%,2.30%,,1.10%,1.60%,4.50%
Sexual (Child),,0.60%,0.70%,1.40%,,0.60%,0.60%,0.40%
Sexual (Soliciting or Prostitution),,0.10%,0.10%,1.10%,,0.10%,0.10%,0.90%
Domestic Burglary,,2.10%,2.00%,0.50%,,2.20%,2.10%,1.00%
Other Burglary,,3.60%,3.90%,1.70%,,3.80%,3.70%,0.50%
Theft,,27.00%,25.40%,3.60%,,28.70%,28.60%,0.30%
Handling,,1.60%,1.60%,0.20%,,1.60%,1.50%,0.80%
Fraud and Forgery,,3.80%,3.70%,1.00%,,4.20%,4.20%,0.10%
Absconding or bail offences,,3.10%,3.30%,1.50%,,2.70%,2.70%,0.20%
Taking and driving away and related offences,,2.00%,3.00%,6.90%,,1.80%,2.20%,3.50%
Theft from vehicles,,1.60%,1.60%,0.20%,,1.50%,1.50%,0.40%
Other motoring offences,,8.00%,7.90%,0.40%,,6.30%,6.30%,0.10%
Drink driving offences,,3.10%,3.80%,3.80%,,2.60%,3.00%,2.40%
Criminal or malicious damage,,2.70%,2.50%,1.40%,,2.60%,2.40%,0.90%
"Drugs (import, export, production, supply)",,0.60%,0.60%,0.90%,,0.70%,0.80%,0.80%
Drugs (possession and small scale supply),,2.30%,2.10%,1.00%,,2.50%,2.30%,0.90%
Other,,6.20%,6.10%,0.20%,,6.20%,6.10%,0.30%
Tier 2 Severity,,5.30%,5.40%,0.20%,,5.40%,5.20%,0.60%
Tier 3 Severity,,93.50%,93.40%,0.40%,,93.30%,93.30%,0.20%

Criminal History¹,,,,,,,,
Mean Copas Rate,,-0.5,-0.6,2.80%,,-0.5,-0.5,2.50%
Mean previous offences,,41,42,2.20%,,41.4,42.1,1.50%
Mean previous convictions,,16.8,17.2,2.20%,,17.4,17.6,1.00%
Mean previous cautions,,1.2,1.3,2.00%,,1.3,1.3,1.10%
Mean previous court orders,,4.5,4.5,1.60%,,4.7,4.7,1.10%
Mean previous custodial sentences,,5.6,5.8,2.00%,,5.9,6,1.50%
Mean age at first offence,,18.4,18.1,3.70%,,18.6,18.5,1.80%
Notes:,,,,,,,,
¹All excluding Penalty Notices for Disorder. All prior to Index Offence,,,,,,,,
Green - the two groups were well matched on this variable (5% or less),,,,,,,,
Amber - the two groups were reasonably matched on this variable (5%-10%),,,,,,,,
Red - the two groups were poorly matched on this variable (10%+),,,,,,,,

"Table D5: Post-matching standardised differences for offenders who received an immediate custodial sentence less than or equal to 6 months matched to offenders receiving an immediate custodial sentence of more than 6 to less than 12 months in England and Wales, for 2009 and 2010",,,,,,,,


,,2009,,,,2010,,
,,Immediate custody (less than or equal to 6 months),Immediate custody (more than 6 to less than 12 months),Standardised Difference,,Immediate custody (less than or equal to 6 months),Immediate custody (more than 6 to less than 12 months),Standardised Difference

Number of matched offenders,,"7,472","7,472",,,"7,088","7,088",

Ethnicity,,,,,,,,
White,,82.70%,82.40%,0.80%,,81.40%,81.50%,0.30%
Black,,9.50%,9.90%,1.40%,,9.90%,10.20%,0.70%
Asian,,5.40%,5.10%,1.30%,,6.10%,5.90%,0.50%
Other,,1.10%,1.20%,1.30%,,1.50%,1.40%,0.70%
Unknown,,1.30%,1.30%,0.40%,,1.20%,1.10%,1.00%

Gender,,,,,,,,
Female,,7.90%,8.50%,2.20%,,9.50%,9.10%,1.40%

Index Offence,,,,,,,,
Mean age at Index Offence,,29.9,30.1,1.20%,,30.6,30.4,2.20%
Violence,,29.00%,28.10%,2.00%,,28.90%,28.20%,1.50%
Robbery,,1.50%,1.80%,2.90%,,1.70%,1.70%,0.30%
Public Order,,7.40%,7.40%,0.10%,,6.40%,7.00%,2.50%
Sexual,,1.60%,1.10%,5.30%,,1.70%,1.30%,3.00%
Sexual (Child),,1.40%,1.60%,1.40%,,1.30%,1.60%,2.10%
Sexual (Soliciting or Prostitution),,0.10%,0.10%,1.60%,,0.00%,0.10%,1.60%
Domestic Burglary,,5.20%,5.30%,0.50%,,5.40%,5.30%,0.50%
Other Burglary,,5.10%,4.90%,0.90%,,5.40%,4.90%,2.40%
Theft,,17.20%,17.30%,0.40%,,17.90%,18.00%,0.20%
Handling,,2.70%,2.40%,1.50%,,1.90%,2.30%,2.60%
Fraud and Forgery,,7.30%,7.30%,0.10%,,7.50%,6.90%,2.60%
Absconding or bail offences,,1.30%,1.40%,0.90%,,1.40%,1.50%,1.30%
Taking and driving away and related offences,,1.70%,1.90%,1.80%,,1.80%,1.90%,0.70%
Theft from vehicles,,1.90%,1.90%,0.00%,,1.20%,1.50%,1.90%
Other motoring offences,,7.00%,7.00%,0.20%,,5.90%,6.00%,0.70%
Drink driving offences,,1.10%,1.00%,1.20%,,1.20%,1.00%,1.70%
Criminal or malicious damage,,1.10%,1.20%,0.60%,,1.10%,1.30%,2.00%
"Drugs (import, export, production, supply)",,1.00%,1.20%,1.70%,,1.90%,1.70%,1.10%
Drugs (possession and small scale supply),,2.90%,2.80%,0.60%,,3.50%,3.50%,0.10%
Other,,3.70%,4.20%,2.50%,,3.90%,4.20%,1.60%
Tier 2 Severity,,9.70%,10.40%,2.40%,,9.70%,10.00%,0.80%
Tier 3 Severity,,86.00%,85.80%,0.50%,,86.00%,85.60%,1.20%

Criminal History¹,,,,,,,,
Mean Copas Rate,,-0.7,-0.8,1.10%,,-0.8,-0.8,1.90%
Mean previous offences,,33.3,33.5,0.60%,,33.9,33.6,0.80%
Mean previous convictions,,13,13,0.10%,,13.5,13.5,0.00%
Mean previous cautions,,1.2,1.2,0.10%,,N/A,N/A,N/A
Mean previous court orders,,4.1,4,1.50%,,4.1,4.2,0.40%
Mean previous custodial sentences,,4.1,4.1,0.00%,,4.3,4.3,0.20%
Mean age at first offence,,18.2,18.3,1.70%,,18.5,18.4,0.30%
Notes:,,,,,,,,
¹All excluding Penalty Notices for Disorder. All prior to Index Offence,,,,,,,,
Green - the two groups were well matched on this variable (5% or less),,,,,,,,
Amber - the two groups were reasonably matched on this variable (5%-10%),,,,,,,,
Red - the two groups were poorly matched on this variable (10%+),,,,,,,,

"Table D6: Post-matching standardised differences for offenders who received a suspended sentence order matched to offenders receiving a community order in England and Wales, for 2009 and 2010 ",,,,,,,,


,,2009,,,,2010,,
,,Suspended Sentence Orders,Community Orders,Standardised Difference,,Suspended Sentence Orders,Community Orders,Standardised Difference

Number of matched offenders,,"42,085","42,805",,,"43,069","43,069",

Ethnicity,,,,,,,,
White,,82.70%,82.80%,0.20%,,82.40%,82.20%,0.50%
Black,,9.10%,9.00%,0.50%,,9.10%,9.10%,0.10%
Asian,,5.70%,5.70%,0.00%,,5.80%,6.00%,0.70%
Other,,0.90%,0.90%,0.10%,,1.00%,0.90%,0.50%
Unknown,,1.50%,1.60%,0.40%,,1.70%,1.70%,0.50%

Gender,,,,,,,,
Female,,14.50%,14.60%,0.40%,,13.90%,13.80%,0.40%

Index Offence,,,,,,,,
Mean age at Index Offence,,31.2,31.3,0.70%,,31.4,31.4,0.50%
Violence,,35.30%,34.90%,0.70%,,35.70%,35.30%,0.80%
Robbery,,1.00%,1.10%,1.50%,,1.10%,1.20%,1.20%
Public Order,,7.00%,6.90%,0.30%,,7.30%,7.20%,0.60%
Sexual,,0.70%,0.80%,1.30%,,0.90%,1.00%,0.90%
Sexual (Child),,0.90%,1.10%,1.80%,,1.10%,1.40%,2.90%
Sexual (Soliciting or Prostitution),,0.10%,0.10%,0.00%,,0.10%,0.10%,0.20%
Domestic Burglary,,3.30%,3.20%,0.50%,,3.80%,3.40%,2.10%
Other Burglary,,2.60%,2.60%,0.30%,,2.60%,2.50%,0.20%
Theft,,13.10%,13.60%,1.40%,,12.80%,12.90%,0.40%
Handling,,1.60%,1.50%,0.10%,,1.60%,1.60%,0.20%
Fraud and Forgery,,5.70%,5.60%,0.30%,,5.90%,6.00%,0.50%
Absconding or bail offences,,1.00%,0.90%,0.60%,,0.80%,0.90%,0.40%
Taking and driving away and related offences,,1.80%,1.70%,0.90%,,1.40%,1.30%,0.20%
Theft from vehicles,,0.90%,0.80%,0.90%,,0.80%,0.80%,0.60%
Other motoring offences,,7.60%,7.40%,1.10%,,6.30%,6.20%,0.30%
Drink driving offences,,5.00%,4.90%,0.70%,,4.30%,4.20%,0.40%
Criminal or malicious damage,,1.80%,1.90%,0.30%,,1.80%,1.70%,0.30%
"Drugs (import, export, production, supply)",,2.70%,2.80%,0.60%,,3.70%,3.80%,0.50%
Drugs (possession and small scale supply),,4.60%,4.90%,1.20%,,5.00%,5.30%,1.30%
Other,,3.30%,3.40%,0.30%,,3.20%,3.20%,0.00%
Tier 2 Severity,,6.40%,6.30%,0.50%,,6.60%,6.40%,1.00%
Tier 3 Severity,,90.00%,90.10%,0.30%,,89.10%,89.20%,0.30%

Criminal History¹,,,,,,,,
Mean Copas Rate,,-1.1,-1.1,0.20%,,-1.2,-1.2,1.10%
Mean previous offences,,21.2,21.3,0.30%,,20.5,20.4,0.50%
Mean previous Tier 1 offences,,N/A,N/A,N/A,,0.1,0.1,0.30%
Mean previous Tier 2 offences,,N/A,N/A,N/A,,1.3,1.3,0.30%
Mean previous Tier 3 offences,,N/A,N/A,N/A,,19,18.9,0.50%
Mean previous convictions,,8.6,8.7,0.30%,,8.5,8.5,0.10%
Mean previous cautions,,1,1,0.20%,,1,1,1.50%
Mean previous court orders,,2.8,2.8,0.50%,,2.8,2.8,0.40%
Mean previous custodial sentences,,2.2,2.2,0.20%,,2.1,2.1,0.20%
Mean age at first offence,,20.2,20.3,0.90%,,20.3,20.4,0.90%
Notes:,,,,,,,,
¹All excluding Penalty Notices for Disorder. All prior to Index Offence,,,,,,,,
Green - the two groups were well matched on this variable (5% or less),,,,,,,,
Amber - the two groups were reasonably matched on this variable (5%-10%),,,,,,,,
Red - the two groups were poorly matched on this variable (10%+),,,,,,,,

"Table D7: Post-matching standardised differences for offenders who received a conditional discharge matched to offenders receiving a community order in England and Wales, for 2009 and 2010",,,,,,,,


,,2009,,,,2010,,
,,Conditional Discharges,Community Orders,Standardised Difference,,Conditional Discharges,Community Orders,Standardised Difference

Number of matched offenders,,"62,450","62,450",,,"67,457","67,457",

Ethnicity,,,,,,,,
White,,85.80%,85.60%,0.70%,,85.50%,85.10%,1.20%
Black,,7.20%,7.20%,0.00%,,7.50%,7.60%,0.50%
Asian,,3.50%,3.60%,0.60%,,3.60%,3.70%,0.60%
Other,,1.10%,1.20%,0.50%,,1.10%,1.10%,0.10%
Unknown,,2.40%,2.50%,0.40%,,2.40%,2.60%,1.20%

Gender,,,,,,,,
Female,,23.20%,23.50%,0.70%,,23.40%,23.70%,0.70%

Index Offence,,,,,,,,
Mean age at Index Offence,,31.9,32,0.40%,,32.3,32.4,0.30%
Violence,,15.60%,15.20%,1.20%,,16.50%,16.00%,1.20%
Robbery,,0.00%,0.00%,1.00%,,0.00%,0.00%,1.20%
Public Order,,19.10%,18.80%,0.70%,,18.40%,18.00%,1.20%
Sexual,,0.30%,0.30%,0.80%,,0.30%,0.30%,0.40%
Sexual (Child),,0.00%,0.00%,0.00%,,0.10%,0.00%,0.40%
Sexual (Soliciting or Prostitution),,0.40%,0.40%,1.10%,,0.30%,0.30%,0.70%
Domestic Burglary,,0.10%,0.10%,0.20%,,0.20%,0.20%,0.00%
Other Burglary,,0.70%,0.70%,0.40%,,0.60%,0.60%,0.20%
Theft,,27.20%,27.50%,0.70%,,27.10%,27.40%,0.60%
Handling,,1.00%,0.90%,0.40%,,0.90%,0.90%,0.10%
Fraud and Forgery,,3.40%,3.70%,1.20%,,3.10%,3.30%,1.20%
Absconding or bail offences,,1.80%,2.00%,1.50%,,1.80%,2.00%,1.00%
Taking and driving away and related offences,,0.40%,0.40%,0.10%,,0.40%,0.40%,0.50%
Theft from vehicles,,0.70%,0.70%,0.00%,,0.60%,0.60%,0.20%
Other motoring offences,,1.20%,1.20%,0.50%,,1.00%,0.90%,0.60%
Drink driving offences,,0.60%,0.70%,0.50%,,0.50%,0.50%,0.40%
Criminal or malicious damage,,13.90%,13.40%,1.50%,,13.30%,13.10%,0.50%
"Drugs (import, export, production, supply)",,0.40%,0.40%,0.10%,,0.60%,0.50%,0.70%
Drugs (possession and small scale supply),,8.60%,8.70%,0.50%,,9.50%,9.70%,0.80%
Other,,4.60%,4.90%,1.70%,,4.90%,5.30%,1.90%
Tier 2 Severity,,1.00%,1.00%,0.10%,,0.90%,0.90%,0.30%
Tier 3 Severity,,98.90%,98.90%,0.10%,,99.00%,98.90%,0.20%

Criminal History¹,,,,,,,,
Mean Copas Rate,,-1.2,-1.2,1.30%,,-1.2,-1.2,0.50%
Mean previous offences,,20,20,0.00%,,19.7,20.2,1.60%
Mean previous Tier 1 offences,,N/A,N/A,N/A,,0.1,0.1,0.80%
Mean previous Tier 2 offences,,N/A,N/A,N/A,,1.2,1.2,0.20%
Mean previous Tier 3 offences,,N/A,N/A,N/A,,18.4,18.9,1.70%
Mean previous convictions,,8.5,8.4,0.50%,,8.5,8.8,2.00%
Mean previous cautions,,1.1,1.1,1.20%,,1.1,1.1,1.30%
Mean previous court orders,,2.5,2.5,0.20%,,2.6,2.6,1.80%
Mean previous custodial sentences,,1.9,1.9,0.10%,,1.9,2,0.90%
Mean age at first offence,,21.1,21.2,1.10%,,21.3,21.4,0.60%
Notes:,,,,,,,,
¹All excluding Penalty Notices for Disorder. All prior to Index Offence,,,,,,,,
Green - the two groups were well matched on this variable (5% or less),,,,,,,,
Amber - the two groups were reasonably matched on this variable (5%-10%),,,,,,,,
Red - the two groups were poorly matched on this variable (10%+),,,,,,,,

"Table D8: Post-matching standardised differences for offenders who received a community order matched to offenders receiving a fine in England and Wales, for 2009 and 2010",,,,,,,,


,,2009,,,,2010,,
,,Community Orders,Fines,Standardised Difference,,Community Orders,Fines,Standardised Difference

Number of matched offenders,,"121,746","121,746",,,"117,646","117,646",

Ethnicity,,,,,,,,
White,,85.90%,86.30%,1.20%,,85.50%,85.90%,1.20%
Black,,7.20%,7.00%,0.60%,,7.40%,7.20%,0.80%
Asian,,4.60%,4.50%,0.70%,,4.70%,4.50%,0.80%
Other,,0.80%,0.80%,0.60%,,0.80%,0.80%,0.10%
Unknown,,1.60%,1.40%,1.10%,,1.60%,1.60%,0.30%

Gender,,,,,,,,
Female,,15.90%,16.00%,0.30%,,15.90%,16.20%,0.90%

Index Offence,,,,,,,,
Mean age at Index Offence,,30.4,30.7,2.90%,,30.7,31.1,3.40%
Violence,,27.40%,27.50%,0.20%,,28.50%,28.80%,0.50%
Robbery,,0.20%,0.30%,2.60%,,0.20%,0.10%,1.50%
Public Order,,6.40%,6.60%,0.80%,,6.60%,6.80%,0.90%
Sexual,,0.80%,0.80%,0.30%,,0.90%,1.00%,1.10%
Sexual (Child),,0.60%,0.40%,1.70%,,0.80%,0.80%,0.20%
Sexual (Soliciting or Prostitution),,0.00%,0.00%,0.10%,,0.00%,0.00%,0.10%
Domestic Burglary,,1.40%,1.40%,0.00%,,1.60%,1.70%,0.40%
Other Burglary,,2.70%,2.50%,1.00%,,2.80%,2.40%,2.40%
Theft,,19.70%,19.50%,0.50%,,20.00%,19.70%,0.60%
Handling,,1.80%,1.80%,0.20%,,1.80%,1.80%,0.10%
Fraud and Forgery,,3.70%,3.80%,0.60%,,4.10%,4.20%,0.50%
Absconding or bail offences,,2.00%,2.00%,0.30%,,1.80%,1.80%,0.60%
Taking and driving away and related offences,,2.30%,2.30%,0.40%,,2.10%,2.10%,0.50%
Theft from vehicles,,1.20%,1.10%,0.30%,,1.10%,1.00%,0.70%
Other motoring offences,,5.40%,5.40%,0.00%,,4.50%,4.40%,0.80%
Drink driving offences,,8.50%,8.50%,0.00%,,7.00%,6.70%,1.40%
Criminal or malicious damage,,5.70%,5.80%,0.30%,,5.30%,5.30%,0.20%
"Drugs (import, export, production, supply)",,1.60%,1.70%,0.90%,,2.20%,2.30%,0.20%
Drugs (possession and small scale supply),,5.80%,5.60%,0.60%,,5.70%,5.90%,0.80%
Other,,2.80%,2.80%,0.10%,,3.00%,3.10%,0.50%
Tier 2 Severity,,4.10%,4.20%,0.40%,,4.10%,4.10%,0.00%
Tier 3 Severity,,95.10%,95.00%,0.50%,,95.00%,94.90%,0.50%

Criminal History¹,,,,,,,,
Mean Copas Rate,,-1.1,-1.2,2.20%,,-1.1,-1.2,3.20%
Mean previous offences,,19.3,19.2,0.70%,,19.5,19,1.70%
Mean previous Tier 1 offences,,N/A,N/A,N/A,,0.1,0.1,0.30%
Mean previous Tier 2 offences,,N/A,N/A,N/A,,1.2,1.1,1.90%
Mean previous Tier 3 offences,,N/A,N/A,N/A,,18.2,17.7,1.60%
Mean previous convictions,,8,7.9,0.80%,,8.2,8,2.20%
Mean previous cautions,,1.1,1.1,2.40%,,1.1,1.1,2.60%
Mean previous court orders,,2.6,2.6,1.00%,,2.8,2.7,2.40%
Mean previous custodial sentences,,1.8,1.8,1.00%,,1.9,1.8,2.20%
Mean age at first offence,,20.2,20.3,0.70%,,20.3,20.5,2.50%
Notes:,,,,,,,,
¹All excluding Penalty Notices for Disorder. All prior to Index Offence,,,,,,,,
Green - the two groups were well matched on this variable (5% or less),,,,,,,,
Amber - the two groups were reasonably matched on this variable (5%-10%),,,,,,,,
Red - the two groups were poorly matched on this variable (10%+),,,,,,,,

"Table D9: Post-matching standardised differences for offenders who received a conditional discharge matched to offenders receiving a fine in England and Wales, for 2009 and 2010",,,,,,,,


,,2009,,,,2010,,
,,Conditional Discharges,Fines,Standardised Difference,,Conditional Discharges,Fines,Standardised Difference

Number of matched offenders,,"62,455","62,455",,,"67,499","67,499",

Ethnicity,,,,,,,,
White,,85.80%,85.90%,0.10%,,85.50%,85.90%,1.10%
Black,,7.20%,7.10%,0.10%,,7.50%,7.40%,0.20%
Asian,,3.50%,3.50%,0.20%,,3.60%,3.40%,1.00%
Other,,1.10%,1.20%,1.00%,,1.10%,1.10%,0.30%
Unknown,,2.40%,2.30%,0.90%,,2.40%,2.20%,1.10%

Gender,,,,,,,,
Female,,23.20%,22.90%,0.70%,,23.40%,23.30%,0.30%

Index Offence,,,,,,,,
Mean age at Index Offence,,31.9,32,0.50%,,32.3,32.4,0.90%
Violence,,15.60%,15.40%,0.60%,,16.50%,16.60%,0.40%
Robbery,,0.00%,0.00%,0.40%,,0.00%,0.00%,1.20%
Public Order,,19.00%,19.20%,0.50%,,0.20%,0.20%,1.50%
Sexual,,0.30%,0.30%,0.80%,,0.30%,0.30%,0.10%
Sexual (Child),,0.00%,0.00%,0.20%,,0.10%,0.10%,0.10%
Sexual (Soliciting or Prostitution),,0.40%,0.40%,0.20%,,0.30%,0.40%,0.90%
Domestic Burglary,,0.10%,0.10%,0.00%,,0.20%,0.20%,0.40%
Other Burglary,,0.70%,0.70%,0.10%,,0.60%,0.60%,0.20%
Theft,,27.20%,27.20%,0.10%,,27.10%,27.10%,0.10%
Handling,,1.00%,1.00%,0.30%,,0.90%,1.00%,0.70%
Fraud and Forgery,,3.40%,3.60%,0.90%,,3.10%,3.20%,0.80%
Absconding or bail offences,,1.80%,1.70%,0.60%,,1.80%,1.80%,0.50%
Taking and driving away and related offences,,0.40%,0.40%,0.40%,,0.40%,0.40%,0.50%
Theft from vehicles,,0.70%,0.70%,0.20%,,0.60%,0.60%,0.30%
Other motoring offences,,1.20%,1.40%,1.10%,,1.00%,1.10%,0.60%
Drink driving offences,,0.60%,0.60%,0.10%,,0.50%,0.50%,0.10%
Criminal or malicious damage,,13.90%,14.10%,0.60%,,13.30%,13.00%,0.90%
"Drugs (import, export, production, supply)",,0.40%,0.40%,0.10%,,0.60%,0.60%,0.10%
Drugs (possession and small scale supply),,8.60%,8.30%,0.90%,,9.50%,9.10%,1.10%
Other,,4.60%,4.30%,1.10%,,4.90%,4.60%,1.60%
Tier 2 Severity,,1.00%,1.00%,0.60%,,0.90%,1.00%,0.60%
Tier 3 Severity,,98.90%,98.80%,0.90%,,99.00%,98.90%,0.60%

Criminal History¹,,,,,,,,
Mean Copas Rate,,-1.2,-1.2,0.80%,,-1.2,-1.2,0.80%
Mean previous offences,,20,20.1,0.40%,,19.8,19.9,0.60%
Mean previous Tier 1 offences,,N/A,N/A,N/A,,0.1,0.1,1.20%
Mean previous Tier 2 offences,,1.2,1.2,0.30%,,1.2,1.2,0.90%
Mean previous Tier 3 offences,,18.7,18.8,0.30%,,18.5,18.6,0.50%
Mean previous convictions,,8.5,8.6,0.50%,,8.6,8.6,0.50%
Mean previous cautions,,1.1,1.1,0.20%,,1.1,1.1,0.30%
Mean previous court orders,,2.5,2.6,0.60%,,2.6,2.6,0.90%
Mean previous custodial sentences,,1.9,1.9,0.20%,,1.9,1.9,0.30%
Mean age at first offence,,21.1,21.1,0.40%,,21.3,21.2,1.00%
Notes:,,,,,,,,
¹All excluding Penalty Notices for Disorder. All prior to Index Offence,,,,,,,,
Green - the two groups were well matched on this variable (5% or less),,,,,,,,
Amber - the two groups were reasonably matched on this variable (5%-10%),,,,,,,,
Red - the two groups were poorly matched on this variable (10%+),,,,,,,,


PAPER 2,,,,,,,,

"Table 2.1: End of sentence re-offending rates and proven re-offending measure for adults sentenced to court orders and prison sentences of less than 12 months, for 2010.",,,,,,,,

,,End of sentence re-offending measure,,,Proven re-offending measure,,,
,,Court orders,Less than 12 month prison sentences,,Court orders,Less than 12 month prison sentences
Proportion of offenders who re-offend (%),,22.4,51.3,,34.1,57.6
Average number of re-offences per re-offender,,2.49,4.11,,3.18,4.73
Average number of re-offences per offender (frequency rate),,0.56,2.11,,1.08,2.72
Number of re-offences,,"56,181","54,835",,"157,796","83,107"
Number of re-offenders,,"22,577","13,334",,"49,636","17,560"
Number of offenders in cohort,,"100,741","25,972",,"145,459","30,512"
